--
-- PostgreSQL database dump
--

\restrict WfgoLeuVhZkDp66YdOLDzoqxtLtubvFRkDyGG5Z3VW7eaqb2PJDYr9kbS2krI1l

-- Dumped from database version 17.6
-- Dumped by pg_dump version 17.6

-- Started on 2025-11-09 00:02:54

SET statement_timeout = 0;
SET lock_timeout = 0;
SET idle_in_transaction_session_timeout = 0;
-- SET transaction_timeout = 0; -- PostgreSQL 17+ only
SET client_encoding = 'UTF8';
SET standard_conforming_strings = on;
SELECT pg_catalog.set_config('search_path', '', false);
SET check_function_bodies = false;
SET xmloption = content;
SET client_min_messages = warning;
SET row_security = off;

--
-- TOC entry 4921 (class 1262 OID 16713)
-- Name: umland; Type: DATABASE; Schema: -; Owner: postgres
--

-- CREATE DATABASE umland -- Already created by docker-entrypoint WITH TEMPLATE = template0 ENCODING = 'UTF8' LOCALE_PROVIDER = libc LOCALE = 'Portuguese_Brazil.1252';


-- ALTER DATABASE umland OWNER TO postgres;

\unrestrict WfgoLeuVhZkDp66YdOLDzoqxtLtubvFRkDyGG5Z3VW7eaqb2PJDYr9kbS2krI1l
\connect umland
\restrict WfgoLeuVhZkDp66YdOLDzoqxtLtubvFRkDyGG5Z3VW7eaqb2PJDYr9kbS2krI1l

SET statement_timeout = 0;
SET lock_timeout = 0;
SET idle_in_transaction_session_timeout = 0;
-- SET transaction_timeout = 0; -- PostgreSQL 17+ only
SET client_encoding = 'UTF8';
SET standard_conforming_strings = on;
SELECT pg_catalog.set_config('search_path', '', false);
SET check_function_bodies = false;
SET xmloption = content;
SET client_min_messages = warning;
SET row_security = off;

SET default_tablespace = '';

SET default_table_access_method = heap;

--
-- TOC entry 217 (class 1259 OID 16714)
-- Name: avatar; Type: TABLE; Schema: public; Owner: postgres
--

CREATE TABLE public.avatar (
    id integer NOT NULL,
    file_path character varying(255)
);


ALTER TABLE public.avatar OWNER TO postgres;

--
-- TOC entry 218 (class 1259 OID 16717)
-- Name: avatar_id_seq; Type: SEQUENCE; Schema: public; Owner: postgres
--

ALTER TABLE public.avatar ALTER COLUMN id ADD GENERATED BY DEFAULT AS IDENTITY (
    SEQUENCE NAME public.avatar_id_seq
    START WITH 1
    INCREMENT BY 1
    NO MINVALUE
    NO MAXVALUE
    CACHE 1
);


--
-- TOC entry 219 (class 1259 OID 16718)
-- Name: character; Type: TABLE; Schema: public; Owner: postgres
--

CREATE TABLE public."character" (
    id integer NOT NULL,
    file_path character varying(255),
    name character varying(255)
);


ALTER TABLE public."character" OWNER TO postgres;

--
-- TOC entry 220 (class 1259 OID 16723)
-- Name: character_id_seq; Type: SEQUENCE; Schema: public; Owner: postgres
--

ALTER TABLE public."character" ALTER COLUMN id ADD GENERATED BY DEFAULT AS IDENTITY (
    SEQUENCE NAME public.character_id_seq
    START WITH 1
    INCREMENT BY 1
    NO MINVALUE
    NO MAXVALUE
    CACHE 1
);


--
-- TOC entry 221 (class 1259 OID 16724)
-- Name: game_map; Type: TABLE; Schema: public; Owner: postgres
--

CREATE TABLE public.game_map (
    id integer NOT NULL,
    title character varying(255),
    created_at timestamp(6) without time zone,
    created_by_user_id integer
);


ALTER TABLE public.game_map OWNER TO postgres;

--
-- TOC entry 222 (class 1259 OID 16727)
-- Name: game_map_id_seq; Type: SEQUENCE; Schema: public; Owner: postgres
--

ALTER TABLE public.game_map ALTER COLUMN id ADD GENERATED BY DEFAULT AS IDENTITY (
    SEQUENCE NAME public.game_map_id_seq
    START WITH 1
    INCREMENT BY 1
    NO MINVALUE
    NO MAXVALUE
    CACHE 1
);


--
-- TOC entry 223 (class 1259 OID 16728)
-- Name: inventory; Type: TABLE; Schema: public; Owner: postgres
--

CREATE TABLE public.inventory (
    id integer NOT NULL,
    user_id integer NOT NULL
);


ALTER TABLE public.inventory OWNER TO postgres;

--
-- TOC entry 224 (class 1259 OID 16731)
-- Name: inventory_id_seq; Type: SEQUENCE; Schema: public; Owner: postgres
--

ALTER TABLE public.inventory ALTER COLUMN id ADD GENERATED BY DEFAULT AS IDENTITY (
    SEQUENCE NAME public.inventory_id_seq
    START WITH 1
    INCREMENT BY 1
    NO MINVALUE
    NO MAXVALUE
    CACHE 1
);


--
-- TOC entry 225 (class 1259 OID 16732)
-- Name: inventory_items; Type: TABLE; Schema: public; Owner: postgres
--

CREATE TABLE public.inventory_items (
    inventory_id integer NOT NULL,
    id integer NOT NULL,
    item_name character varying(255) NOT NULL,
    quantity integer NOT NULL
);


ALTER TABLE public.inventory_items OWNER TO postgres;

--
-- TOC entry 226 (class 1259 OID 16735)
-- Name: inventory_items_id_seq; Type: SEQUENCE; Schema: public; Owner: postgres
--

ALTER TABLE public.inventory_items ALTER COLUMN id ADD GENERATED BY DEFAULT AS IDENTITY (
    SEQUENCE NAME public.inventory_items_id_seq
    START WITH 1
    INCREMENT BY 1
    NO MINVALUE
    NO MAXVALUE
    CACHE 1
);


--
-- TOC entry 227 (class 1259 OID 16736)
-- Name: item; Type: TABLE; Schema: public; Owner: postgres
--

CREATE TABLE public.item (
    id integer NOT NULL,
    description character varying(255),
    file_path character varying(255),
    price integer NOT NULL,
    title character varying(255)
);


ALTER TABLE public.item OWNER TO postgres;

--
-- TOC entry 228 (class 1259 OID 16741)
-- Name: item_id_seq; Type: SEQUENCE; Schema: public; Owner: postgres
--

ALTER TABLE public.item ALTER COLUMN id ADD GENERATED BY DEFAULT AS IDENTITY (
    SEQUENCE NAME public.item_id_seq
    START WITH 1
    INCREMENT BY 1
    NO MINVALUE
    NO MAXVALUE
    CACHE 1
);


--
-- TOC entry 229 (class 1259 OID 16742)
-- Name: phase; Type: TABLE; Schema: public; Owner: postgres
--

CREATE TABLE public.phase (
    id integer NOT NULL,
    description character varying(255),
    diagram_initial json,
    max_time integer NOT NULL,
    mode character varying(255),
    title character varying(255),
    type character varying(255),
    character_id integer,
    gamemap_id integer,
    parent_phase_id integer,
    node_type character varying(255),
    diagram_type character varying(255),
    CONSTRAINT phase_diagram_type_check CHECK (((diagram_type)::text = ANY ((ARRAY['CLASS'::character varying, 'USE_CASE'::character varying])::text[]))),
    CONSTRAINT phase_mode_check CHECK (((mode)::text = ANY (ARRAY[('BASIC'::character varying)::text, ('INTERMEDIATE'::character varying)::text, ('ADVANCED'::character varying)::text]))),
    CONSTRAINT phase_node_type_check CHECK (((node_type)::text = ANY (ARRAY[('ACTIVITY'::character varying)::text, ('DECISION'::character varying)::text]))),
    CONSTRAINT phase_type_check CHECK (((type)::text = ANY (ARRAY[('BUILD'::character varying)::text, ('FIX'::character varying)::text, ('COMPLETE'::character varying)::text])))
);


ALTER TABLE public.phase OWNER TO postgres;

--
-- TOC entry 230 (class 1259 OID 16750)
-- Name: phase_character_dialogues; Type: TABLE; Schema: public; Owner: postgres
--

CREATE TABLE public.phase_character_dialogues (
    phase_id integer NOT NULL,
    character_dialogues character varying(255),
    dialogue_order integer NOT NULL
);


ALTER TABLE public.phase_character_dialogues OWNER TO postgres;

--
-- TOC entry 231 (class 1259 OID 16753)
-- Name: phase_correct_diagrams; Type: TABLE; Schema: public; Owner: postgres
--

CREATE TABLE public.phase_correct_diagrams (
    phase_id integer NOT NULL,
    diagram_json text
);


ALTER TABLE public.phase_correct_diagrams OWNER TO postgres;

--
-- TOC entry 232 (class 1259 OID 16758)
-- Name: phase_id_seq; Type: SEQUENCE; Schema: public; Owner: postgres
--

ALTER TABLE public.phase ALTER COLUMN id ADD GENERATED BY DEFAULT AS IDENTITY (
    SEQUENCE NAME public.phase_id_seq
    START WITH 1
    INCREMENT BY 1
    NO MINVALUE
    NO MAXVALUE
    CACHE 1
);


--
-- TOC entry 233 (class 1259 OID 16759)
-- Name: phase_transition; Type: TABLE; Schema: public; Owner: postgres
--

CREATE TABLE public.phase_transition (
    id integer NOT NULL,
    option_text character varying(255),
    from_phase_id integer,
    to_phase_id integer
);


ALTER TABLE public.phase_transition OWNER TO postgres;

--
-- TOC entry 234 (class 1259 OID 16762)
-- Name: phase_transition_id_seq; Type: SEQUENCE; Schema: public; Owner: postgres
--

ALTER TABLE public.phase_transition ALTER COLUMN id ADD GENERATED BY DEFAULT AS IDENTITY (
    SEQUENCE NAME public.phase_transition_id_seq
    START WITH 1
    INCREMENT BY 1
    NO MINVALUE
    NO MAXVALUE
    CACHE 1
);


--
-- TOC entry 235 (class 1259 OID 16763)
-- Name: phase_user; Type: TABLE; Schema: public; Owner: postgres
--

CREATE TABLE public.phase_user (
    id integer NOT NULL,
    coins integer NOT NULL,
    is_current boolean NOT NULL,
    reputation integer NOT NULL,
    status character varying(255),
    user_diagram json,
    phase_id integer,
    user_id integer,
    accuracy integer NOT NULL,
    is_completed boolean NOT NULL,
    CONSTRAINT phase_user_status_check CHECK (((status)::text = ANY (ARRAY[('LOCKED'::character varying)::text, ('COMPLETED'::character varying)::text, ('AVAILABLE'::character varying)::text])))
);


ALTER TABLE public.phase_user OWNER TO postgres;

--
-- TOC entry 236 (class 1259 OID 16769)
-- Name: phase_user_id_seq; Type: SEQUENCE; Schema: public; Owner: postgres
--

ALTER TABLE public.phase_user ALTER COLUMN id ADD GENERATED BY DEFAULT AS IDENTITY (
    SEQUENCE NAME public.phase_user_id_seq
    START WITH 1
    INCREMENT BY 1
    NO MINVALUE
    NO MAXVALUE
    CACHE 1
);


--
-- TOC entry 237 (class 1259 OID 16770)
-- Name: tips; Type: TABLE; Schema: public; Owner: postgres
--

CREATE TABLE public.tips (
    id integer NOT NULL,
    tip text
);


ALTER TABLE public.tips OWNER TO postgres;

--
-- TOC entry 238 (class 1259 OID 16775)
-- Name: tips_id_seq; Type: SEQUENCE; Schema: public; Owner: postgres
--

ALTER TABLE public.tips ALTER COLUMN id ADD GENERATED BY DEFAULT AS IDENTITY (
    SEQUENCE NAME public.tips_id_seq
    START WITH 1
    INCREMENT BY 1
    NO MINVALUE
    NO MAXVALUE
    CACHE 1
);


--
-- TOC entry 239 (class 1259 OID 16776)
-- Name: user_gamemap; Type: TABLE; Schema: public; Owner: postgres
--

CREATE TABLE public.user_gamemap (
    user_id integer NOT NULL,
    gamemap_id integer NOT NULL
);


ALTER TABLE public.user_gamemap OWNER TO postgres;

--
-- TOC entry 240 (class 1259 OID 16779)
-- Name: users; Type: TABLE; Schema: public; Owner: postgres
--

CREATE TABLE public.users (
    id integer NOT NULL,
    coins integer NOT NULL,
    email character varying(255),
    name character varying(255),
    password character varying(255),
    reputation integer NOT NULL,
    avatar_id integer
);


ALTER TABLE public.users OWNER TO postgres;

--
-- TOC entry 241 (class 1259 OID 16784)
-- Name: users_id_seq; Type: SEQUENCE; Schema: public; Owner: postgres
--

ALTER TABLE public.users ALTER COLUMN id ADD GENERATED BY DEFAULT AS IDENTITY (
    SEQUENCE NAME public.users_id_seq
    START WITH 1
    INCREMENT BY 1
    NO MINVALUE
    NO MAXVALUE
    CACHE 1
);


--
-- TOC entry 4891 (class 0 OID 16714)
-- Dependencies: 217
-- Data for Name: avatar; Type: TABLE DATA; Schema: public; Owner: postgres
--

COPY public.avatar (id, file_path) FROM stdin;
4	1760816214484_homem1.png
5	1760816220108_homem2.png
6	1760816223692_homem3.png
7	1760816227036_mulher1.png
8	1760816231011_mulher2.png
9	1760816234979_robo1.png
\.


--
-- TOC entry 4893 (class 0 OID 16718)
-- Dependencies: 219
-- Data for Name: character; Type: TABLE DATA; Schema: public; Owner: postgres
--

COPY public."character" (id, file_path, name) FROM stdin;
5	1761079332726_marina.png	Lara
6	1761079362672_cto.png	CTO
7	1761079470300_orientador.png	Orientador
8	1761079511609_COO.png	COO
3	1760816298979_character_teacher_02.png	Regiane
4	1760816309634_character_teacher_03.png	Presidente
2	1762655571362_jef.png	Professor Carlos
10	1762655623303_angelo.png	Gerente
9	1762656756035_thiago.png	Diretor
\.


--
-- TOC entry 4895 (class 0 OID 16724)
-- Dependencies: 221
-- Data for Name: game_map; Type: TABLE DATA; Schema: public; Owner: postgres
--

COPY public.game_map (id, title, created_at, created_by_user_id) FROM stdin;
2	História Principal	2025-10-18 19:32:56.225	1
\.


--
-- TOC entry 4897 (class 0 OID 16728)
-- Dependencies: 223
-- Data for Name: inventory; Type: TABLE DATA; Schema: public; Owner: postgres
--

COPY public.inventory (id, user_id) FROM stdin;
\.


--
-- TOC entry 4899 (class 0 OID 16732)
-- Dependencies: 225
-- Data for Name: inventory_items; Type: TABLE DATA; Schema: public; Owner: postgres
--

COPY public.inventory_items (inventory_id, id, item_name, quantity) FROM stdin;
\.


--
-- TOC entry 4901 (class 0 OID 16736)
-- Dependencies: 227
-- Data for Name: item; Type: TABLE DATA; Schema: public; Owner: postgres
--

COPY public.item (id, description, file_path, price, title) FROM stdin;
\.


--
-- TOC entry 4903 (class 0 OID 16742)
-- Dependencies: 229
-- Data for Name: phase; Type: TABLE DATA; Schema: public; Owner: postgres
--

COPY public.phase (id, description, diagram_initial, max_time, mode, title, type, character_id, gamemap_id, parent_phase_id, node_type, diagram_type) FROM stdin;
7	Decida entre seguir o espírito inovador e arriscar tudo em uma startup de tecnologia, ou trilhar o caminho seguro e estruturado de uma corporação tradicional.	\N	3600	BASIC	Escolha o Caminho da Sua Carreira	BUILD	5	2	\N	DECISION	\N
12	Escolha entre inovar com IA revolucionária ou escalar a plataforma para milhões de usuários.\n	\N	3600	INTERMEDIATE	O Futuro da ColabUML	BUILD	5	2	\N	DECISION	\N
13	Escolha entre crescer na hierarquia executiva ou aplicar sua expertise para modernizar um sistema bancário essencial.	\N	3600	INTERMEDIATE	Caminhos da Carreira Corporativa	BUILD	7	2	\N	DECISION	\N
2	Aprender conceitos básicos de UML com sistema de biblioteca	{"cells":[{"type":"custom.Actor","attrs":{"label":{"text":"Usuario"}},"position":{"x":80,"y":60},"size":{"width":48,"height":86},"angle":0,"id":"c16b0f6b-6365-4afa-bcdb-0c1a1001d6cf","z":1},{"type":"custom.UseCase","attrs":{"body":{"stroke":"#000","fill":"#FFF7D0"},"label":{"fontSize":16,"fill":"#000","text":"Registrar Usuario","textWrap":{"width":200,"height":null,"ellipsis":false,"breakWord":true}}},"position":{"x":240,"y":60},"size":{"width":149.203125,"height":43},"angle":0,"id":"fc9f5b96-02eb-444b-8da6-4cd3aba5f06b","z":2},{"type":"custom.UseCase","attrs":{"body":{"stroke":"#000","fill":"#FFF7D0"},"label":{"fontSize":16,"fill":"#000","text":"Emprestar Livro","textWrap":{"width":200,"height":null,"ellipsis":false,"breakWord":true}}},"position":{"x":240,"y":150},"size":{"width":140.09375,"height":43},"angle":0,"id":"66e8c58f-a6f4-43aa-ac26-7cb26aa7c453","z":3},{"type":"custom.UseCase","attrs":{"body":{"stroke":"#000","fill":"#FFF7D0"},"label":{"fontSize":16,"fill":"#000","text":"Devolver Livro","textWrap":{"width":200,"height":null,"ellipsis":false,"breakWord":true}}},"position":{"x":250,"y":240},"size":{"width":129.25,"height":43},"angle":0,"id":"94ef1c77-e55c-48bc-900c-166327627648","z":4},{"type":"custom.Actor","attrs":{"label":{"text":"Sistema"}},"position":{"x":519,"y":84.875},"size":{"width":48,"height":86},"angle":0,"id":"42e8e761-783b-4b7c-a506-88c973f6d094","z":5},{"type":"standard.Link","attrs":{"line":{"targetMarker":{"d":""}}},"source":{"id":"c16b0f6b-6365-4afa-bcdb-0c1a1001d6cf"},"target":{"id":"fc9f5b96-02eb-444b-8da6-4cd3aba5f06b"},"id":"dfbd9192-f6b6-402b-8768-f4dde9fd2827","z":6},{"type":"standard.Link","attrs":{"line":{"targetMarker":{"d":""}}},"source":{"id":"c16b0f6b-6365-4afa-bcdb-0c1a1001d6cf"},"target":{"id":"66e8c58f-a6f4-43aa-ac26-7cb26aa7c453"},"id":"6484fa3d-f527-40cf-824b-41d4afd90875","z":7}]}	600	BASIC	Introdução aos Diagramas de Casos de Uso	COMPLETE	2	2	\N	ACTIVITY	USE_CASE
14	Integrar inteligência artificial à plataforma ColabUML para gerar automaticamente diagramas a partir de texto e padrões de uso.	{"cells":[{"type":"custom.Class","attrs":{"attrsArea":{"height":64},"title":{"text":"PlataformaInteligente"},"attrsText":{"text":"- sugestaoai: SugestaoAi\\n- processadorTexto: ProcessadorTexto\\n- comportamentoUsuario: ComportamentoUsuario"},"opsText":{"text":"+ criardiagramaautomatico(): Diagrama"}},"position":{"x":340,"y":40},"size":{"width":220,"height":136},"angle":0,"id":"c0a422b6-6b1f-49f6-864d-9d7e3be2b6a4","z":1}]}	480	ADVANCED	Sistema AI-Powered para Diagramação	COMPLETE	6	2	\N	ACTIVITY	CLASS
20	Modelar ERP para grande corporação	{"cells":[{"type":"custom.Class","attrs":{"title":{"text":"NucleoERP"},"attrsText":{"text":"- modulos: Modulo"},"opsText":{"text":"+ sincronizardados(): void"}},"position":{"x":310,"y":30},"size":{"width":220,"height":104},"angle":0,"id":"df660827-63bd-4973-85ed-c6ec2fe15dad","z":1},{"type":"custom.Class","attrs":{"title":{"text":"ModuloFinanceiro"},"attrsText":{"text":"- contas: Conta"},"opsText":{"text":"+ gerarrelatorio(): String"}},"position":{"x":50,"y":180},"size":{"width":220,"height":104},"angle":0,"id":"3b3ed2b8-391b-43a6-a008-5c454e368d2b","z":2},{"type":"custom.Class","attrs":{"title":{"text":"ModuloRH"},"attrsText":{"text":"- funcionarios: Funcionario"},"opsText":{"text":"+ calculasalarios(): void"}},"position":{"x":520,"y":170},"size":{"width":220,"height":104},"angle":0,"id":"8653a4f2-1514-419c-89b6-c2c521e6cfa2","z":3}]}	480	ADVANCED	Sistema Integrado Multi-módulo	COMPLETE	9	2	\N	ACTIVITY	CLASS
9	Modelar os casos de uso que demonstram o valor e a escalabilidade da plataforma SaaS.	\N	380	INTERMEDIATE	Casos de Uso para Plataforma SaaS	BUILD	5	2	\N	ACTIVITY	USE_CASE
11	Modelar os casos de uso que representam os principais processos do departamento de RH.	\N	380	INTERMEDIATE	Casos de Uso para Departamento Pessoal	BUILD	7	2	\N	ACTIVITY	USE_CASE
18	Modelar o sistema de parcerias corporativas com autenticação, auditoria e controle de acesso seguros entre empresas globais.	{"cells":[{"type":"custom.UseCase","attrs":{"body":{"stroke":"#000","fill":"#FFF7D0"},"label":{"fontSize":16,"fill":"#000","text":"Revogar Acesso","textWrap":{"width":200,"height":null,"ellipsis":false,"breakWord":true}}},"position":{"x":620,"y":40},"size":{"width":142.640625,"height":43},"angle":0,"id":"d0fb1ccd-a965-4995-8d11-7941df189b19","z":1},{"type":"custom.UseCase","attrs":{"body":{"stroke":"#000","fill":"#FFF7D0"},"label":{"fontSize":16,"fill":"#000","text":"Sincronizar Repositórios","textWrap":{"width":200,"height":null,"ellipsis":false,"breakWord":true}}},"position":{"x":590,"y":140},"size":{"width":193.59375,"height":43},"angle":0,"id":"154d0a64-6661-433e-aab3-ef79508bd8c9","z":2},{"type":"custom.Actor","attrs":{"label":{"text":"EquipeSeguranca"}},"position":{"x":60,"y":20},"size":{"width":48,"height":86},"angle":0,"id":"887cbd4f-3567-4679-a341-cdc00756c814","z":3},{"type":"custom.Actor","attrs":{"label":{"text":"APIGateway"}},"position":{"x":60,"y":150},"size":{"width":48,"height":86},"angle":0,"id":"6285829c-cea6-4fa9-bba8-ce0e057d6100","z":4},{"type":"custom.Actor","attrs":{"label":{"text":"Parceiro"}},"position":{"x":60,"y":290},"size":{"width":48,"height":86},"angle":0,"id":"3aea9ffa-eacd-4cd3-9a2b-e431940f49ba","z":5},{"type":"custom.UseCase","attrs":{"body":{"stroke":"#000","fill":"#FFF7D0"},"label":{"fontSize":16,"fill":"#000","text":"Solicitar Acesso","textWrap":{"width":200,"height":null,"ellipsis":false,"breakWord":true}}},"position":{"x":342,"y":308.875},"size":{"width":142.578125,"height":43},"angle":0,"id":"654f88a7-00f6-445e-a7d0-92a7aa323246","z":6},{"type":"custom.UseCase","attrs":{"body":{"stroke":"#000","fill":"#FFF7D0"},"label":{"fontSize":16,"fill":"#000","text":"Autenticar API","textWrap":{"width":200,"height":null,"ellipsis":false,"breakWord":true}}},"position":{"x":293,"y":205.875},"size":{"width":131.4375,"height":43},"angle":0,"id":"3d1c8843-b654-491e-9cd5-fd0062d9b038","z":7},{"type":"custom.UseCase","attrs":{"body":{"stroke":"#000","fill":"#FFF7D0"},"label":{"fontSize":16,"fill":"#000","text":"Registrar Auditoria","textWrap":{"width":200,"height":null,"ellipsis":false,"breakWord":true}}},"position":{"x":230,"y":50},"size":{"width":157.703125,"height":43},"angle":0,"id":"bfb374ec-d26a-4967-8b45-c40b038c4d0a","z":8},{"type":"standard.Link","attrs":{"line":{"targetMarker":{"d":""}}},"source":{"id":"887cbd4f-3567-4679-a341-cdc00756c814"},"target":{"id":"bfb374ec-d26a-4967-8b45-c40b038c4d0a"},"id":"513315c3-b378-415a-9512-3f7084dee3a2","z":9},{"type":"standard.Link","attrs":{"line":{"targetMarker":{"d":""}}},"source":{"id":"6285829c-cea6-4fa9-bba8-ce0e057d6100"},"target":{"id":"3d1c8843-b654-491e-9cd5-fd0062d9b038"},"id":"deae917d-b564-4462-9c40-be4a4bc95900","z":10},{"type":"standard.Link","attrs":{"line":{"targetMarker":{"d":""}}},"source":{"id":"3aea9ffa-eacd-4cd3-9a2b-e431940f49ba"},"target":{"id":"654f88a7-00f6-445e-a7d0-92a7aa323246"},"id":"c493a7f5-f029-4df8-90d8-6e96bbd4a1ae","z":11}]}	450	ADVANCED	Sistema de Parcerias Empresariais	COMPLETE	8	2	\N	ACTIVITY	USE_CASE
6	Completar sistema de matrículas acadêmicas	{"cells":[{"type":"custom.Class","attrs":{"attrsArea":{"height":48},"title":{"text":"Aluno"},"attrsText":{"text":"- matricula: string\\n- nome: string"}},"position":{"x":20,"y":90},"size":{"width":220,"height":120},"angle":0,"id":"fbf54356-c52b-4df5-83c6-b1e1ef9fa49c","z":1},{"type":"custom.Class","attrs":{"attrsArea":{"height":48},"title":{"text":"Disciplina"},"attrsText":{"text":"- codigo: string\\n- nome: string"}},"position":{"x":350,"y":80},"size":{"width":220,"height":120},"angle":0,"id":"3593a9c7-2050-46d9-be9e-6943ed764a26","z":2}]}	360	BASIC	Diagrama de Classes com Relações	COMPLETE	5	2	\N	ACTIVITY	CLASS
17	Preparar plataforma para crescimento sustentável	{"cells":[{"type":"custom.Class","attrs":{"attrsArea":{"height":64},"title":{"text":"Monolito"},"attrsText":{"text":"- tudo: string\\n- usuarios: string\\n- diagramas: string"}},"position":{"x":20,"y":20},"size":{"width":220,"height":136},"angle":0,"id":"6eec308a-ee5c-42fa-afc8-3cc1032621ff","z":1},{"type":"custom.Class","attrs":{"title":{"text":"APIGateway"},"attrsText":{"text":"- rotas: string"}},"position":{"x":370,"y":30},"size":{"width":220,"height":104},"angle":0,"id":"e3878855-7b0f-4013-a443-156aae8ed707","z":2},{"type":"standard.Link","attrs":{"line":{"targetMarker":{"d":""}}},"source":{"id":"6eec308a-ee5c-42fa-afc8-3cc1032621ff"},"target":{"id":"e3878855-7b0f-4013-a443-156aae8ed707"},"id":"bb21b190-5de1-4d18-b701-08c688aaab96","z":3},{"type":"custom.Class","attrs":{"title":{"text":"Diagram"},"attrsText":{"text":"- diagramDB: string"}},"position":{"x":370,"y":180},"size":{"width":220,"height":104},"angle":0,"id":"79d1155d-ca88-421d-aac7-e87ff68c5ae9","z":4},{"type":"standard.Link","attrs":{"line":{"targetMarker":{"d":""}}},"source":{"id":"e3878855-7b0f-4013-a443-156aae8ed707"},"target":{"id":"79d1155d-ca88-421d-aac7-e87ff68c5ae9"},"id":"4d7a0f10-9d9e-490f-b045-490316f32ccc","z":5},{"type":"custom.Class","attrs":{"title":{"text":"User"},"attrsText":{"text":"- userDB: string"}},"position":{"x":30,"y":190},"size":{"width":220,"height":104},"angle":0,"id":"4bac14d5-72a4-4a32-b53f-2836becfa23a","z":6},{"type":"custom.Class","attrs":{"title":{"text":"CacheDistribuido"},"attrsText":{"text":"- memoria: string"}},"position":{"x":210,"y":320},"size":{"width":220,"height":104},"angle":0,"id":"3f542cd0-31fd-46ea-99c3-7e2b7def30db","z":7},{"type":"standard.Link","attrs":{"line":{"targetMarker":{"d":""}}},"source":{"id":"4bac14d5-72a4-4a32-b53f-2836becfa23a"},"target":{"id":"3f542cd0-31fd-46ea-99c3-7e2b7def30db"},"id":"2696b03f-c269-45d6-aea1-3d753ba39253","z":8},{"type":"standard.Link","attrs":{"line":{"targetMarker":{"d":""}}},"source":{"id":"79d1155d-ca88-421d-aac7-e87ff68c5ae9"},"target":{"id":"3f542cd0-31fd-46ea-99c3-7e2b7def30db"},"id":"3a879ae5-846a-4608-8cc0-085ef3b8d365","z":9}]}	480	ADVANCED	Arquitetura para 500k Usuários	FIX	8	2	\N	ACTIVITY	CLASS
26	Modelar o sistema de acompanhamento médico do funcionário.	{"cells":[{"type":"custom.Actor","attrs":{"label":{"text":"Medico"}},"position":{"x":72,"y":27.4375},"size":{"width":48,"height":86},"angle":0,"id":"fd6e487e-d365-41eb-9d2b-c5934a097a29","z":1},{"type":"custom.Actor","attrs":{"label":{"text":"Funcionario"}},"position":{"x":70,"y":160},"size":{"width":48,"height":86},"angle":0,"id":"dd6360c2-4cfd-4cf9-a223-6fa4070f00a4","z":2},{"type":"custom.Actor","attrs":{"label":{"text":"RH"}},"position":{"x":70,"y":280},"size":{"width":48,"height":86},"angle":0,"id":"bc281ea9-807c-4054-94b2-22df05fe9e17","z":3},{"type":"custom.UseCase","attrs":{"body":{"stroke":"#000","fill":"#FFF7D0"},"label":{"fontSize":16,"fill":"#000","text":"Avaliar Diagnóstico","textWrap":{"width":200,"height":null,"ellipsis":false,"breakWord":true}}},"position":{"x":240,"y":10},"size":{"width":162.046875,"height":43},"angle":0,"id":"bdf2b52a-6a41-4f1b-9763-0eadf9a10a41","z":4},{"type":"custom.UseCase","attrs":{"body":{"stroke":"#000","fill":"#FFF7D0"},"label":{"fontSize":16,"fill":"#000","text":"Prescrever Medicamentos","textWrap":{"width":200,"height":null,"ellipsis":false,"breakWord":true}}},"position":{"x":264,"y":86.4375},"size":{"width":204.6875,"height":43},"angle":0,"id":"df12bed8-90a4-434a-a5d2-af6580988aa9","z":5},{"type":"custom.UseCase","attrs":{"body":{"stroke":"#000","fill":"#FFF7D0"},"label":{"fontSize":16,"fill":"#000","text":"Registrar Sintomas","textWrap":{"width":200,"height":null,"ellipsis":false,"breakWord":true}}},"position":{"x":239,"y":160.4375},"size":{"width":160.421875,"height":43},"angle":0,"id":"1bddd1b4-b223-47f2-be6f-10e11923f806","z":6},{"type":"custom.UseCase","attrs":{"body":{"stroke":"#000","fill":"#FFF7D0"},"label":{"fontSize":16,"fill":"#000","text":"Solicitar Afastamento","textWrap":{"width":200,"height":null,"ellipsis":false,"breakWord":true}}},"position":{"x":244,"y":255.4375},"size":{"width":177.15625,"height":43},"angle":0,"id":"7718d6b0-f258-47cf-985d-b6098316c3fe","z":7},{"type":"custom.UseCase","attrs":{"body":{"stroke":"#000","fill":"#FFF7D0"},"label":{"fontSize":16,"fill":"#000","text":"Gerar Relatórios de Saúde","textWrap":{"width":200,"height":null,"ellipsis":false,"breakWord":true}}},"position":{"x":249,"y":346.4375},"size":{"width":203.359375,"height":43},"angle":0,"id":"620b40cf-166a-45ca-aa5e-f9841122c4f1","z":8},{"type":"standard.Link","attrs":{"line":{"targetMarker":{"d":""}}},"source":{"id":"fd6e487e-d365-41eb-9d2b-c5934a097a29"},"target":{"id":"bdf2b52a-6a41-4f1b-9763-0eadf9a10a41"},"id":"6082bc92-8108-4d20-98ea-d1fde4434774","z":9},{"type":"standard.Link","attrs":{"line":{"targetMarker":{"d":""}}},"source":{"id":"fd6e487e-d365-41eb-9d2b-c5934a097a29"},"target":{"id":"df12bed8-90a4-434a-a5d2-af6580988aa9"},"id":"88afa83d-c0a9-4d40-b5a7-dfb0d262eaaa","z":10},{"type":"standard.Link","attrs":{"line":{"targetMarker":{"d":""}}},"source":{"id":"dd6360c2-4cfd-4cf9-a223-6fa4070f00a4"},"target":{"id":"1bddd1b4-b223-47f2-be6f-10e11923f806"},"id":"9d820c1a-56c1-4ab3-942e-ad91c4c4519e","z":11},{"type":"standard.Link","attrs":{"line":{"targetMarker":{"d":""}}},"source":{"id":"dd6360c2-4cfd-4cf9-a223-6fa4070f00a4"},"target":{"id":"7718d6b0-f258-47cf-985d-b6098316c3fe"},"id":"21e0f394-baa0-41ba-988d-b8880fe2a491","z":12},{"type":"standard.Link","attrs":{"line":{"targetMarker":{"d":""}}},"source":{"id":"bc281ea9-807c-4054-94b2-22df05fe9e17"},"target":{"id":"7718d6b0-f258-47cf-985d-b6098316c3fe"},"id":"66406dc3-d795-43be-8e8f-e1f1091ae3eb","z":13},{"type":"standard.Link","attrs":{"line":{"targetMarker":{"d":""}}},"source":{"id":"bc281ea9-807c-4054-94b2-22df05fe9e17"},"target":{"id":"620b40cf-166a-45ca-aa5e-f9841122c4f1"},"id":"d9d1aaa7-8a85-4f82-9f31-e1fb5de81a1c","z":14}]}	520	ADVANCED	Sistema de Saúde do Funcionário	COMPLETE	4	2	\N	ACTIVITY	USE_CASE
21	Representar o processo completo de integração entre dois sistemas corporativos após uma fusão.	{"cells":[{"type":"custom.Actor","attrs":{"label":{"text":"SistemaA"}},"position":{"x":50,"y":20},"size":{"width":48,"height":86},"angle":0,"id":"e1b1cff0-6fcb-4016-b1e6-e6c121cee06b","z":1},{"type":"custom.Actor","attrs":{"label":{"text":"SistemaB"}},"position":{"x":50,"y":170},"size":{"width":48,"height":86},"angle":0,"id":"d92a8ec0-ce87-4cca-a6e8-0dc4943be922","z":2},{"type":"custom.Actor","attrs":{"label":{"text":"EquipeTI"}},"position":{"x":50,"y":310},"size":{"width":48,"height":86},"angle":0,"id":"e60a7b5f-2521-4b8c-a3df-52ca95297ff1","z":3},{"type":"custom.UseCase","attrs":{"body":{"stroke":"#000","fill":"#FFF7D0"},"label":{"fontSize":16,"fill":"#000","text":"Adaptar Dados","textWrap":{"width":200,"height":null,"ellipsis":false,"breakWord":true}}},"position":{"x":196,"y":47.21875},"size":{"width":134.828125,"height":43},"angle":0,"id":"a3bf8421-be12-429e-a67f-5d22633d1af7","z":4},{"type":"custom.UseCase","attrs":{"body":{"stroke":"#000","fill":"#FFF7D0"},"label":{"fontSize":16,"fill":"#000","text":"Monitorar Integração","textWrap":{"width":200,"height":null,"ellipsis":false,"breakWord":true}}},"position":{"x":430,"y":40},"size":{"width":172.5,"height":43},"angle":0,"id":"e7b1b085-8fed-4fa6-aa2f-8823ec6ac21e","z":5},{"type":"custom.UseCase","attrs":{"body":{"stroke":"#000","fill":"#FFF7D0"},"label":{"fontSize":16,"fill":"#000","text":"Aplicar Regras","textWrap":{"width":200,"height":null,"ellipsis":false,"breakWord":true}}},"position":{"x":220,"y":190},"size":{"width":132.1875,"height":43},"angle":0,"id":"44e463f5-176d-46b3-a6d8-45cf2eafe86a","z":6},{"type":"custom.UseCase","attrs":{"body":{"stroke":"#000","fill":"#FFF7D0"},"label":{"fontSize":16,"fill":"#000","text":"Treinar Equipe","textWrap":{"width":200,"height":null,"ellipsis":false,"breakWord":true}}},"position":{"x":227,"y":337.21875},"size":{"width":131.046875,"height":43},"angle":0,"id":"84fa1d4b-64ef-45da-8207-88c9548bc750","z":7},{"type":"standard.Link","attrs":{"line":{"targetMarker":{"d":""}}},"source":{"id":"e60a7b5f-2521-4b8c-a3df-52ca95297ff1"},"target":{"id":"84fa1d4b-64ef-45da-8207-88c9548bc750"},"id":"bf64224b-21eb-47fb-aa9b-9e7052efecfc","z":8},{"type":"standard.Link","attrs":{"line":{"targetMarker":{"d":""}}},"source":{"id":"d92a8ec0-ce87-4cca-a6e8-0dc4943be922"},"target":{"id":"44e463f5-176d-46b3-a6d8-45cf2eafe86a"},"id":"2082b2a6-5541-4ea0-bb8f-80e04ce06dda","z":9},{"type":"standard.Link","attrs":{"line":{"targetMarker":{"d":""}}},"source":{"id":"e1b1cff0-6fcb-4016-b1e6-e6c121cee06b"},"target":{"id":"a3bf8421-be12-429e-a67f-5d22633d1af7"},"id":"0865d5a8-e56d-40b4-89ac-7a032eda9779","z":10},{"type":"standard.Link","attrs":{"line":{"targetMarker":{"d":""}}},"source":{"id":"a3bf8421-be12-429e-a67f-5d22633d1af7"},"target":{"id":"e7b1b085-8fed-4fa6-aa2f-8823ec6ac21e"},"id":"d54531b4-af2f-46ea-8d45-7c6a18030067","z":11}]}	450	ADVANCED	Integração de Sistemas após Fusão	FIX	9	2	\N	ACTIVITY	USE_CASE
23	Corrigir sistema bancário com falhas graves	{"cells":[{"type":"custom.Class","attrs":{"title":{"text":"Conta"},"attrsText":{"text":"- saldo: String"},"opsText":{"text":"+ transferir(): string"}},"position":{"x":260,"y":20},"size":{"width":220,"height":104},"angle":0,"id":"779e5688-e037-459f-9754-9f0c68535aac","z":1},{"type":"custom.Class","attrs":{"title":{"text":"LogOperacao"},"attrsText":{"text":"- registros: string"},"opsText":{"text":"+ registrar(): void"}},"position":{"x":40,"y":200},"size":{"width":220,"height":104},"angle":0,"id":"982ea6c0-94bd-4d3d-87d7-ee3a98b0b6cd","z":2},{"type":"custom.Class","attrs":{"title":{"text":"PatchCritico"},"attrsText":{"text":"- fixes: string"},"opsText":{"text":"+ aplicar(): void"}},"position":{"x":490,"y":200},"size":{"width":220,"height":104},"angle":0,"id":"91b61dfc-f16a-4f1a-9fe7-c5b392c96104","z":3},{"type":"custom.Association","attrs":{"line":{"targetMarker":{"d":""},"strokeDasharray":"none"}},"source":{"id":"982ea6c0-94bd-4d3d-87d7-ee3a98b0b6cd"},"target":{"id":"779e5688-e037-459f-9754-9f0c68535aac"},"id":"6be0cf86-9962-467d-8d2b-f1f1f7a8fa96","labels":[{"attrs":{"rect":{"fill":"#fff","stroke":"#000","strokeWidth":0}},"position":{"distance":0.5}}],"z":4},{"type":"standard.Link","attrs":{"line":{"targetMarker":{"d":""}}},"source":{"id":"91b61dfc-f16a-4f1a-9fe7-c5b392c96104"},"target":{"id":"779e5688-e037-459f-9754-9f0c68535aac"},"id":"d072c08e-4c37-4237-8215-220b6c1020f6","z":5},{"type":"standard.Link","attrs":{"line":{"targetMarker":{"d":""}}},"source":{"id":"91b61dfc-f16a-4f1a-9fe7-c5b392c96104"},"target":{"id":"982ea6c0-94bd-4d3d-87d7-ee3a98b0b6cd"},"id":"a921acbf-e505-498b-ac71-2d30c8c87c61","z":6}]}	480	ADVANCED	Emergency Fix em Sistema Legado	FIX	10	2	\N	ACTIVITY	CLASS
15	Modelar a arquitetura multi-tenant internacional que garante isolamento, personalização e auditoria de dados para múltiplos clientes globais.	{"cells":[{"type":"custom.Actor","attrs":{"label":{"text":"Usuario"}},"position":{"x":70,"y":20},"size":{"width":48,"height":86},"angle":0,"id":"45934b09-445a-4f6b-93c8-1431590e8f2a","z":1},{"type":"custom.Actor","attrs":{"label":{"text":"Administrador"}},"position":{"x":70,"y":140},"size":{"width":48,"height":86},"angle":0,"id":"397c2c8b-37f7-47e9-af6c-b71043d1bbeb","z":2},{"type":"custom.Actor","attrs":{"label":{"text":"EquipeTI"}},"position":{"x":70,"y":270},"size":{"width":48,"height":86},"angle":0,"id":"f3e68ff6-a512-4e4d-b7b3-08f058a8752d","z":3},{"type":"custom.Actor","attrs":{"label":{"text":"Sistema"}},"position":{"x":194,"y":283},"size":{"width":48,"height":86},"angle":0,"id":"ca34f777-a05a-4b16-876d-e73726736da6","z":4},{"type":"custom.Actor","attrs":{"label":{"text":"Auditor"}},"position":{"x":307,"y":285},"size":{"width":48,"height":86},"angle":0,"id":"b90c66c1-fdb3-4181-ae4a-a7ee3d453004","z":5},{"type":"custom.UseCase","attrs":{"body":{"stroke":"#000","fill":"#FFF7D0"},"label":{"fontSize":16,"fill":"#000","text":"Criar Usuário","textWrap":{"width":200,"height":null,"ellipsis":false,"breakWord":true}}},"position":{"x":225,"y":36},"size":{"width":122.875,"height":43},"angle":0,"id":"6dd0e875-c1b7-42ec-a3a4-e5ef2a0a461c","z":6},{"type":"custom.UseCase","attrs":{"body":{"stroke":"#000","fill":"#FFF7D0"},"label":{"fontSize":16,"fill":"#000","text":"Criar Tenant","textWrap":{"width":200,"height":null,"ellipsis":false,"breakWord":true}}},"position":{"x":240,"y":160},"size":{"width":120.15625,"height":43},"angle":0,"id":"0e7006c5-cff5-4fba-acea-a0d3593fbfcb","z":7},{"type":"custom.UseCase","attrs":{"body":{"stroke":"#000","fill":"#FFF7D0"},"label":{"fontSize":16,"fill":"#000","text":"Configurar Idioma e Moeda","textWrap":{"width":200,"height":null,"ellipsis":false,"breakWord":true}}},"position":{"x":420,"y":160},"size":{"width":210.96875,"height":43},"angle":0,"id":"5cab3765-9ca0-4d41-8afd-66ed2a0ce245","z":8},{"type":"custom.UseCase","attrs":{"body":{"stroke":"#000","fill":"#FFF7D0"},"label":{"fontSize":16,"fill":"#000","text":"Criar Projeto","textWrap":{"width":200,"height":null,"ellipsis":false,"breakWord":true}}},"position":{"x":710,"y":160},"size":{"width":120.15625,"height":43},"angle":0,"id":"e1767f1b-bf68-4e90-8273-5b320d1d33e6","z":9},{"type":"standard.Link","attrs":{"line":{"targetMarker":{"d":""}}},"source":{"id":"45934b09-445a-4f6b-93c8-1431590e8f2a"},"target":{"id":"6dd0e875-c1b7-42ec-a3a4-e5ef2a0a461c"},"id":"56ca5907-c7ba-470a-8d61-aa5c4b2ab93d","z":10},{"type":"standard.Link","attrs":{"line":{"targetMarker":{"d":""}}},"source":{"id":"397c2c8b-37f7-47e9-af6c-b71043d1bbeb"},"target":{"id":"0e7006c5-cff5-4fba-acea-a0d3593fbfcb"},"id":"0b9cf6da-5497-4317-bf13-2d4a65ee2f6b","z":11},{"type":"standard.Link","attrs":{"line":{"targetMarker":{"d":""}}},"source":{"id":"0e7006c5-cff5-4fba-acea-a0d3593fbfcb"},"target":{"id":"5cab3765-9ca0-4d41-8afd-66ed2a0ce245"},"id":"22d1056b-8e41-4d98-aee3-463afcc82d6b","z":12},{"type":"standard.Link","attrs":{"line":{"targetMarker":{"d":""}}},"source":{"id":"5cab3765-9ca0-4d41-8afd-66ed2a0ce245"},"target":{"id":"e1767f1b-bf68-4e90-8273-5b320d1d33e6"},"id":"0818da43-15d3-473a-b59e-7ea072b817c0","z":13}]}	450	ADVANCED	Arquitetura Multi-tenant Internacional	FIX	6	2	\N	ACTIVITY	USE_CASE
24	Organizar o diagrama de monitoramento de crises.	{"cells":[{"type":"custom.Actor","attrs":{"label":{"text":"Operador"}},"position":{"x":60,"y":130},"size":{"width":48,"height":86},"angle":0,"id":"0d198177-d432-4cb2-8a64-54746082e307","z":1},{"type":"custom.Actor","attrs":{"label":{"text":"Gerente"}},"position":{"x":260,"y":270},"size":{"width":48,"height":86},"angle":0,"id":"fc487146-23a7-42dd-9f75-4e621963cd61","z":2},{"type":"custom.UseCase","attrs":{"body":{"stroke":"#000","fill":"#FFF7D0"},"label":{"fontSize":16,"fill":"#000","text":"Gerar Relatório de Crise","textWrap":{"width":200,"height":null,"ellipsis":false,"breakWord":true}}},"position":{"x":642,"y":36.875},"size":{"width":189.078125,"height":43},"angle":0,"id":"97d9e805-d141-458a-8fe3-2dd6d99a9c80","z":3},{"type":"custom.UseCase","attrs":{"body":{"stroke":"#000","fill":"#FFF7D0"},"label":{"fontSize":16,"fill":"#000","text":"Confirmar Resolução","textWrap":{"width":200,"height":null,"ellipsis":false,"breakWord":true}}},"position":{"x":430,"y":40},"size":{"width":172.765625,"height":43},"angle":0,"id":"ac054e07-87e7-455b-a3fe-1adf4c9531e2","z":4},{"type":"custom.UseCase","attrs":{"body":{"stroke":"#000","fill":"#FFF7D0"},"label":{"fontSize":16,"fill":"#000","text":"Detectar Falhas","textWrap":{"width":200,"height":null,"ellipsis":false,"breakWord":true}}},"position":{"x":179,"y":93.875},"size":{"width":139.4375,"height":43},"angle":0,"id":"a1b00d91-4d93-4816-91a3-c5c779a06647","z":5},{"type":"custom.UseCase","attrs":{"body":{"stroke":"#000","fill":"#FFF7D0"},"label":{"fontSize":16,"fill":"#000","text":"Registar Incidentes","textWrap":{"width":200,"height":null,"ellipsis":false,"breakWord":true}}},"position":{"x":170,"y":170},"size":{"width":161.515625,"height":43},"angle":0,"id":"335a9a7f-00a7-41ee-99ef-d1937ef02a5a","z":6},{"type":"custom.UseCase","attrs":{"body":{"stroke":"#000","fill":"#FFF7D0"},"label":{"fontSize":16,"fill":"#000","text":"Escalar Problemas","textWrap":{"width":200,"height":null,"ellipsis":false,"breakWord":true}}},"position":{"x":410,"y":279.875},"size":{"width":158.59375,"height":43},"angle":0,"id":"f540995e-8fe7-490c-88c8-be2ee0ec577b","z":7},{"type":"custom.UseCase","attrs":{"body":{"stroke":"#000","fill":"#FFF7D0"},"label":{"fontSize":16,"fill":"#000","text":"Enviar Alertas","textWrap":{"width":200,"height":null,"ellipsis":false,"breakWord":true}}},"position":{"x":699,"y":222.875},"size":{"width":128.1875,"height":43},"angle":0,"id":"00fc3d52-b5de-4319-ae97-ae3db4384c22","z":8},{"type":"standard.Link","attrs":{"line":{"targetMarker":{"d":""}}},"source":{"id":"fc487146-23a7-42dd-9f75-4e621963cd61"},"target":{"id":"f540995e-8fe7-490c-88c8-be2ee0ec577b"},"id":"82b2e8dc-005d-46c2-9ef0-a592fec2044a","z":9},{"type":"standard.Link","attrs":{"line":{"targetMarker":{"d":""}}},"source":{"id":"0d198177-d432-4cb2-8a64-54746082e307"},"target":{"id":"a1b00d91-4d93-4816-91a3-c5c779a06647"},"id":"5895e1e7-e6cb-4df7-a17e-d86e3d0454f9","z":10},{"type":"standard.Link","attrs":{"line":{"targetMarker":{"d":""}}},"source":{"id":"0d198177-d432-4cb2-8a64-54746082e307"},"target":{"id":"335a9a7f-00a7-41ee-99ef-d1937ef02a5a"},"id":"96228ca0-e5ef-47fb-8b9b-f588569500b5","z":11},{"type":"custom.Include","attrs":{"line":{"strokeDasharray":"2.2"}},"source":{"id":"f540995e-8fe7-490c-88c8-be2ee0ec577b"},"target":{"id":"00fc3d52-b5de-4319-ae97-ae3db4384c22"},"id":"4602548c-9b93-4407-a0b8-3bd00088d697","labels":[{"attrs":{"text":{"text":"<<include>>","fontSize":14,"fill":"#000"},"rect":{"fill":"#fff","stroke":"#000","strokeWidth":0}},"position":{"distance":0.5}}],"z":12}]}	450	ADVANCED	Controle de Danos em Produção	COMPLETE	10	2	\N	ACTIVITY	USE_CASE
5	Criar casos de uso para lanchonete universitária	{"cells":[{"type":"custom.Actor","attrs":{"label":{"text":"Cozinheiro"}},"position":{"x":50,"y":20},"size":{"width":48,"height":86},"angle":0,"id":"3f101f40-f1b9-435f-8276-8582d0d9c8e9","z":1},{"type":"custom.Actor","attrs":{"label":{"text":"Atendente"}},"position":{"x":50,"y":150},"size":{"width":48,"height":86},"angle":0,"id":"fb8f7383-b680-40f4-8ced-34a58057ce9e","z":2},{"type":"custom.Actor","attrs":{"label":{"text":"Cliente"}},"position":{"x":40,"y":280},"size":{"width":48,"height":86},"angle":0,"id":"40947c48-0c61-4c8b-b136-b842ab517928","z":3},{"type":"custom.UseCase","attrs":{"body":{"stroke":"#000","fill":"#FFF7D0"},"label":{"fontSize":16,"fill":"#000","text":"Processar Pedido","textWrap":{"width":200,"height":null,"ellipsis":false,"breakWord":true}}},"position":{"x":220,"y":160},"size":{"width":153.609375,"height":43},"angle":0,"id":"e151a845-97a7-4004-82a1-eac0592fd017","z":4},{"type":"custom.UseCase","attrs":{"body":{"stroke":"#000","fill":"#FFF7D0"},"label":{"fontSize":16,"fill":"#000","text":"Fazer Pedido","textWrap":{"width":200,"height":null,"ellipsis":false,"breakWord":true}}},"position":{"x":210,"y":260},"size":{"width":122.953125,"height":43},"angle":0,"id":"5eb7ce94-2c4a-4ac8-8814-5f2e8e47a94a","z":5},{"type":"custom.UseCase","attrs":{"body":{"stroke":"#000","fill":"#FFF7D0"},"label":{"fontSize":16,"fill":"#000","text":"Pagar Conta","textWrap":{"width":200,"height":null,"ellipsis":false,"breakWord":true}}},"position":{"x":210,"y":330},"size":{"width":120.15625,"height":43},"angle":0,"id":"a64088a7-cc65-41e2-9eec-d14de6d9791a","z":6},{"type":"standard.Link","attrs":{"line":{"targetMarker":{"d":""}}},"source":{"id":"fb8f7383-b680-40f4-8ced-34a58057ce9e"},"target":{"id":"e151a845-97a7-4004-82a1-eac0592fd017"},"id":"fea64aca-6326-493c-8d51-6a7ef8271402","z":7},{"type":"standard.Link","attrs":{"line":{"targetMarker":{"d":""}}},"source":{"id":"40947c48-0c61-4c8b-b136-b842ab517928"},"target":{"id":"5eb7ce94-2c4a-4ac8-8814-5f2e8e47a94a"},"id":"dd5ff7e7-9e7f-417b-8be2-6a06c8b91a0c","z":8},{"type":"standard.Link","attrs":{"line":{"targetMarker":{"d":""}}},"source":{"id":"40947c48-0c61-4c8b-b136-b842ab517928"},"target":{"id":"a64088a7-cc65-41e2-9eec-d14de6d9791a"},"id":"6644d30f-ecee-4e04-a6d2-a33da28e5546","z":9}]}	300	BASIC	Primeiro Diagrama de Casos de Uso	COMPLETE	3	2	\N	ACTIVITY	USE_CASE
8	Modelar os casos de uso principais de uma plataforma UML colaborativa	{"cells":[{"type":"custom.Actor","attrs":{"label":{"text":"Administrador"}},"position":{"x":70,"y":40},"size":{"width":48,"height":86},"angle":0,"id":"8be8b18b-aee5-46f6-bd4a-9fe4ad5735d5","z":1},{"type":"custom.Actor","attrs":{"label":{"text":"Usuario"}},"position":{"x":70,"y":190},"size":{"width":48,"height":86},"angle":0,"id":"36ecc3bf-f5f9-4617-9375-aa775875a1ca","z":2},{"type":"custom.UseCase","attrs":{"body":{"stroke":"#000","fill":"#FFF7D0"},"label":{"fontSize":16,"fill":"#000","text":"Gerenciar Usuarios","textWrap":{"width":200,"height":null,"ellipsis":false,"breakWord":true}}},"position":{"x":220,"y":50},"size":{"width":160.296875,"height":43},"angle":0,"id":"e5df6a75-da3e-4098-a28a-7703818ff9fa","z":3},{"type":"custom.UseCase","attrs":{"body":{"stroke":"#000","fill":"#FFF7D0"},"label":{"fontSize":16,"fill":"#000","text":"Criar Projeto","textWrap":{"width":200,"height":null,"ellipsis":false,"breakWord":true}}},"position":{"x":230,"y":190},"size":{"width":120.15625,"height":43},"angle":0,"id":"09996061-99eb-4422-a0de-23d07ed98408","z":4},{"type":"custom.UseCase","attrs":{"body":{"stroke":"#000","fill":"#FFF7D0"},"label":{"fontSize":16,"fill":"#000","text":"Editar Diagrama","textWrap":{"width":200,"height":null,"ellipsis":false,"breakWord":true}}},"position":{"x":220,"y":260},"size":{"width":141.59375,"height":43},"angle":0,"id":"958d4336-2353-4d3c-add7-411da5cc4748","z":5},{"type":"custom.UseCase","attrs":{"body":{"stroke":"#000","fill":"#FFF7D0"},"label":{"fontSize":16,"fill":"#000","text":"Compartilhar Projeto","textWrap":{"width":200,"height":null,"ellipsis":false,"breakWord":true}}},"position":{"x":440,"y":120},"size":{"width":188.25,"height":43},"angle":0,"id":"86bc42e1-0908-4ae7-9248-55ea1640cc0f","z":6},{"type":"custom.UseCase","attrs":{"body":{"stroke":"#000","fill":"#FFF7D0"},"label":{"fontSize":16,"fill":"#000","text":"Versionar Diagrama","textWrap":{"width":200,"height":null,"ellipsis":false,"breakWord":true}}},"position":{"x":490,"y":190},"size":{"width":165.015625,"height":43},"angle":0,"id":"bbfb2d9e-674c-49fa-9b59-c4707e0eafaa","z":7},{"type":"custom.UseCase","attrs":{"body":{"stroke":"#000","fill":"#FFF7D0"},"label":{"fontSize":16,"fill":"#000","text":"Colaborar em Tempo Real","textWrap":{"width":200,"height":null,"ellipsis":false,"breakWord":true}}},"position":{"x":700,"y":100},"size":{"width":202.9375,"height":43},"angle":0,"id":"1c3c53c3-dd81-4926-ae2b-220a8cbb5c79","z":8},{"type":"custom.UseCase","attrs":{"body":{"stroke":"#000","fill":"#FFF7D0"},"label":{"fontSize":16,"fill":"#000","text":"Monitorar Atividades","textWrap":{"width":200,"height":null,"ellipsis":false,"breakWord":true}}},"position":{"x":730,"y":220},"size":{"width":171.328125,"height":43},"angle":0,"id":"f2623a53-6461-42fe-9396-828c0282b5b5","z":9},{"type":"standard.Link","attrs":{"line":{"targetMarker":{"d":""}}},"source":{"id":"8be8b18b-aee5-46f6-bd4a-9fe4ad5735d5"},"target":{"id":"e5df6a75-da3e-4098-a28a-7703818ff9fa"},"id":"0a8d0824-fa61-4f25-a842-93d7eb99bbf7","z":10},{"type":"standard.Link","attrs":{"line":{"targetMarker":{"d":""}}},"source":{"id":"36ecc3bf-f5f9-4617-9375-aa775875a1ca"},"target":{"id":"09996061-99eb-4422-a0de-23d07ed98408"},"id":"b8ba670c-56a3-4fae-b4b0-291af181047c","z":11},{"type":"standard.Link","attrs":{"line":{"targetMarker":{"d":""}}},"source":{"id":"36ecc3bf-f5f9-4617-9375-aa775875a1ca"},"target":{"id":"958d4336-2353-4d3c-add7-411da5cc4748"},"id":"274b3d77-a99e-431c-b73c-e59839307f3c","z":12}]}	420	INTERMEDIATE	MVP Plataforma Colaborativa	FIX	5	2	\N	ACTIVITY	USE_CASE
10	Criar diagrama de casos de uso para sistema bancário	{"cells":[{"type":"custom.Actor","attrs":{"label":{"text":"Sistema de Auditoria"}},"position":{"x":800,"y":180},"size":{"width":48,"height":86},"angle":0,"id":"f32c6538-f176-4031-a59b-34182db07a0c","z":1},{"type":"custom.UseCase","attrs":{"body":{"stroke":"#000","fill":"#FFF7D0"},"label":{"fontSize":16,"fill":"#000","text":"Registrar Auditoria","textWrap":{"width":200,"height":null,"ellipsis":false,"breakWord":true}}},"position":{"x":570,"y":200},"size":{"width":157.703125,"height":43},"angle":0,"id":"5def9cd9-d188-495a-9bd7-584f236812c9","z":2},{"type":"standard.Link","attrs":{"line":{"targetMarker":{"d":""}}},"source":{"id":"f32c6538-f176-4031-a59b-34182db07a0c"},"target":{"id":"5def9cd9-d188-495a-9bd7-584f236812c9"},"id":"5d218b3a-5269-4171-8860-d6358671b027","z":3},{"type":"custom.Actor","attrs":{"label":{"text":"Gerente"}},"position":{"x":40,"y":20},"size":{"width":48,"height":86},"angle":0,"id":"84a62036-5480-478b-814a-b8d674a65064","z":4},{"type":"custom.UseCase","attrs":{"body":{"stroke":"#000","fill":"#FFF7D0"},"label":{"fontSize":16,"fill":"#000","text":"Aprovar Transação","textWrap":{"width":200,"height":null,"ellipsis":false,"breakWord":true}}},"position":{"x":180,"y":50},"size":{"width":159.15625,"height":43},"angle":0,"id":"4a7b3744-63d3-45db-8668-9568d9c662d5","z":5},{"type":"standard.Link","attrs":{"line":{"targetMarker":{"d":""}}},"source":{"id":"84a62036-5480-478b-814a-b8d674a65064"},"target":{"id":"4a7b3744-63d3-45db-8668-9568d9c662d5"},"id":"ff47ee73-d74b-49e2-93a2-03f8133f5d54","z":6},{"type":"custom.Actor","attrs":{"label":{"text":"Cliente"}},"position":{"x":34,"y":224.65625},"size":{"width":48,"height":86},"angle":0,"id":"9b4e94d9-80a4-4ea0-a7e4-829d0f1467f3","z":7},{"type":"custom.UseCase","attrs":{"body":{"stroke":"#000","fill":"#FFF7D0"},"label":{"fontSize":16,"fill":"#000","text":"Abrir Conta","textWrap":{"width":200,"height":null,"ellipsis":false,"breakWord":true}}},"position":{"x":180,"y":160},"size":{"width":120.15625,"height":43},"angle":0,"id":"15710ac5-0f03-409d-8447-3dce35160fe4","z":8},{"type":"custom.UseCase","attrs":{"body":{"stroke":"#000","fill":"#FFF7D0"},"label":{"fontSize":16,"fill":"#000","text":"Depositar Dinheiro","textWrap":{"width":200,"height":null,"ellipsis":false,"breakWord":true}}},"position":{"x":190,"y":240},"size":{"width":156.953125,"height":43},"angle":0,"id":"725f5048-4ecc-41fb-bf81-2cac95747619","z":9},{"type":"custom.UseCase","attrs":{"body":{"stroke":"#000","fill":"#FFF7D0"},"label":{"fontSize":16,"fill":"#000","text":"Sacar Dinheiro","textWrap":{"width":200,"height":null,"ellipsis":false,"breakWord":true}}},"position":{"x":210,"y":310},"size":{"width":132.546875,"height":43},"angle":0,"id":"32dde092-3664-4440-abac-d75265f26690","z":10},{"type":"standard.Link","attrs":{"line":{"targetMarker":{"d":""}}},"source":{"id":"9b4e94d9-80a4-4ea0-a7e4-829d0f1467f3"},"target":{"id":"15710ac5-0f03-409d-8447-3dce35160fe4"},"id":"565ac711-ee43-42bb-8715-7c6b05bca65b","z":11},{"type":"standard.Link","attrs":{"line":{"targetMarker":{"d":""}}},"source":{"id":"9b4e94d9-80a4-4ea0-a7e4-829d0f1467f3"},"target":{"id":"725f5048-4ecc-41fb-bf81-2cac95747619"},"id":"5879b404-5f95-44eb-a651-a1a605b52e50","z":12},{"type":"standard.Link","attrs":{"line":{"targetMarker":{"d":""}}},"source":{"id":"9b4e94d9-80a4-4ea0-a7e4-829d0f1467f3"},"target":{"id":"32dde092-3664-4440-abac-d75265f26690"},"id":"ff0624cb-0bc6-4446-ac6c-bfc5e03e4a60","z":13},{"type":"custom.UseCase","attrs":{"body":{"stroke":"#000","fill":"#FFF7D0"},"label":{"fontSize":16,"fill":"#000","text":"Bloquear Conta","textWrap":{"width":200,"height":null,"ellipsis":false,"breakWord":true}}},"position":{"x":384,"y":126.65625},"size":{"width":138.078125,"height":43},"angle":0,"id":"fb1a5c3e-c4f0-4565-98e6-b8a6046be65f","z":14},{"type":"custom.UseCase","attrs":{"body":{"stroke":"#000","fill":"#FFF7D0"},"label":{"fontSize":16,"fill":"#000","text":"Transferir valores","textWrap":{"width":200,"height":null,"ellipsis":false,"breakWord":true}}},"position":{"x":399,"y":225.65625},"size":{"width":150.328125,"height":43},"angle":0,"id":"15fbc9c0-53e4-4d45-90e7-d0b08648cb61","z":15},{"type":"custom.UseCase","attrs":{"body":{"stroke":"#000","fill":"#FFF7D0"},"label":{"fontSize":16,"fill":"#000","text":"Emitir Extrato","textWrap":{"width":200,"height":null,"ellipsis":false,"breakWord":true}}},"position":{"x":400,"y":310},"size":{"width":136.9375,"height":43},"angle":0,"id":"99a31efe-3163-4da3-8c8d-0e73a951ea48","z":16}]}	420	INTERMEDIATE	Modelagem para Banco Tradicional	FIX	7	2	\N	ACTIVITY	USE_CASE
19	Modelar o sistema de governança e auditoria que garante transparência e controle durante o processo de abertura de capital da empresa.	{"cells":[{"type":"custom.Actor","attrs":{"label":{"text":"Conselho"}},"position":{"x":50,"y":30},"size":{"width":48,"height":86},"angle":0,"id":"f94f7eb0-f10f-40a3-9b15-1953139bdeaa","z":1},{"type":"custom.Actor","attrs":{"label":{"text":"ComiteAuditoria"}},"position":{"x":50,"y":140},"size":{"width":48,"height":86},"angle":0,"id":"20948896-74cc-484a-92be-33d0a81089f6","z":2},{"type":"custom.Actor","attrs":{"label":{"text":"CFO"}},"position":{"x":50,"y":250},"size":{"width":48,"height":86},"angle":0,"id":"9f00d36f-01a7-4422-a132-2d3a09416409","z":3},{"type":"custom.UseCase","attrs":{"body":{"stroke":"#000","fill":"#FFF7D0"},"label":{"fontSize":16,"fill":"#000","text":"Tomar Decisões","textWrap":{"width":200,"height":null,"ellipsis":false,"breakWord":true}}},"position":{"x":270,"y":50},"size":{"width":142.984375,"height":43},"angle":0,"id":"7db19518-670b-48ad-bc73-a0b6f40b15cd","z":5},{"type":"custom.UseCase","attrs":{"body":{"stroke":"#000","fill":"#FFF7D0"},"label":{"fontSize":16,"fill":"#000","text":"Distribuir Dividendos","textWrap":{"width":200,"height":null,"ellipsis":false,"breakWord":true}}},"position":{"x":500,"y":50},"size":{"width":170.6875,"height":43},"angle":0,"id":"22c06b9c-0e4f-4213-9097-11a4c4549b0d","z":6},{"type":"custom.UseCase","attrs":{"body":{"stroke":"#000","fill":"#FFF7D0"},"label":{"fontSize":16,"fill":"#000","text":"Aprovar Relatorios","textWrap":{"width":200,"height":null,"ellipsis":false,"breakWord":true}}},"position":{"x":744,"y":50.53125},"size":{"width":156.859375,"height":43},"angle":0,"id":"9151ad5e-ded2-47ef-bd56-3e39a123415f","z":7},{"type":"custom.UseCase","attrs":{"body":{"stroke":"#000","fill":"#FFF7D0"},"label":{"fontSize":16,"fill":"#000","text":"Enviar Comunicados ao Mercado","textWrap":{"width":200,"height":null,"ellipsis":false,"breakWord":true}}},"position":{"x":240,"y":140},"size":{"width":232,"height":60},"angle":0,"id":"e3d949d0-1309-42d0-bc79-1088d99e3706","z":8},{"type":"custom.UseCase","attrs":{"body":{"stroke":"#000","fill":"#FFF7D0"},"label":{"fontSize":16,"fill":"#000","text":"Publicar Resultados","textWrap":{"width":200,"height":null,"ellipsis":false,"breakWord":true}}},"position":{"x":540,"y":150},"size":{"width":166.09375,"height":43},"angle":0,"id":"9daabb58-5e6f-452b-9d66-596fe0fd4cd0","z":9},{"type":"custom.UseCase","attrs":{"body":{"stroke":"#000","fill":"#FFF7D0"},"label":{"fontSize":16,"fill":"#000","text":"Auditar Contas","textWrap":{"width":200,"height":null,"ellipsis":false,"breakWord":true}}},"position":{"x":760,"y":170},"size":{"width":134.75,"height":43},"angle":0,"id":"dc040782-f5ee-406e-a0c1-70ab561985f0","z":10},{"type":"custom.UseCase","attrs":{"body":{"stroke":"#000","fill":"#FFF7D0"},"label":{"fontSize":16,"fill":"#000","text":"Investigar Irregularidades","textWrap":{"width":200,"height":null,"ellipsis":false,"breakWord":true}}},"position":{"x":450,"y":220},"size":{"width":199.953125,"height":43},"angle":0,"id":"3498bf6a-7f48-472c-bf35-f466c8464d9c","z":11}]}	520	ADVANCED	Sistema para Abertura de Capital	COMPLETE	5	2	\N	ACTIVITY	USE_CASE
22	Modelar o sistema de gestão executiva, mostrando como metas, decisões e vida pessoal do gerente se interconectam sob pressão corporativa.	{"cells":[{"type":"custom.Actor","attrs":{"label":{"text":"Sistema de RH"}},"position":{"x":67,"y":155.3125},"size":{"width":48,"height":86},"angle":0,"id":"2f47607d-3f6f-44ba-9f36-fd9e0ce1f9c5","z":1},{"type":"custom.UseCase","attrs":{"body":{"stroke":"#000","fill":"#FFF7D0"},"label":{"fontSize":16,"fill":"#000","text":"Relatar Resultados","textWrap":{"width":200,"height":null,"ellipsis":false,"breakWord":true}}},"position":{"x":480,"y":170},"size":{"width":159.1875,"height":43},"angle":0,"id":"25f32deb-e1a1-452e-832f-eab1b39ccd01","z":2},{"type":"custom.Actor","attrs":{"label":{"text":"Presidente"}},"position":{"x":60,"y":300},"size":{"width":48,"height":86},"angle":0,"id":"14127b53-db46-4f7a-825a-ed576a498b8b","z":3},{"type":"custom.UseCase","attrs":{"body":{"stroke":"#000","fill":"#FFF7D0"},"label":{"fontSize":16,"fill":"#000","text":"Definir Metas","textWrap":{"width":200,"height":null,"ellipsis":false,"breakWord":true}}},"position":{"x":250,"y":320},"size":{"width":124.796875,"height":43},"angle":0,"id":"bad729a8-5e3a-4b18-9cfd-d16324c8e413","z":4},{"type":"standard.Link","attrs":{"line":{"targetMarker":{"d":""}}},"source":{"id":"14127b53-db46-4f7a-825a-ed576a498b8b"},"target":{"id":"bad729a8-5e3a-4b18-9cfd-d16324c8e413"},"id":"bd22aba9-6a2d-4a66-b344-e0b98827296a","z":5},{"type":"custom.Actor","attrs":{"label":{"text":"Gerente"}},"position":{"x":40,"y":520},"size":{"width":48,"height":86},"angle":0,"id":"8b5a2220-1cfd-4ab9-a718-53a49c97a6dd","z":6},{"type":"custom.UseCase","attrs":{"body":{"stroke":"#000","fill":"#FFF7D0"},"label":{"fontSize":16,"fill":"#000","text":"Analisar Desempenho","textWrap":{"width":200,"height":null,"ellipsis":false,"breakWord":true}}},"position":{"x":170,"y":420},"size":{"width":178.609375,"height":43},"angle":0,"id":"d6138442-439e-4648-9d24-ae1dc81ebf30","z":7},{"type":"custom.UseCase","attrs":{"body":{"stroke":"#000","fill":"#FFF7D0"},"label":{"fontSize":16,"fill":"#000","text":"Tomar Decisões Criticas","textWrap":{"width":200,"height":null,"ellipsis":false,"breakWord":true}}},"position":{"x":170,"y":490},"size":{"width":197.59375,"height":43},"angle":0,"id":"ac694a26-5232-41e4-99ae-b4b8bc857e02","z":8},{"type":"custom.UseCase","attrs":{"body":{"stroke":"#000","fill":"#FFF7D0"},"label":{"fontSize":16,"fill":"#000","text":"Gerenciar Equipe","textWrap":{"width":200,"height":null,"ellipsis":false,"breakWord":true}}},"position":{"x":220,"y":560},"size":{"width":147.5,"height":43},"angle":0,"id":"9feffc25-230e-4eb0-8a47-f009228ace90","z":9},{"type":"custom.UseCase","attrs":{"body":{"stroke":"#000","fill":"#FFF7D0"},"label":{"fontSize":16,"fill":"#000","text":"Conciliar Vida Pessoal","textWrap":{"width":200,"height":null,"ellipsis":false,"breakWord":true}}},"position":{"x":235,"y":642.3125},"size":{"width":181.125,"height":43},"angle":0,"id":"1226cdbf-4459-4a9e-a737-a97e8b22a551","z":10},{"type":"standard.Link","attrs":{"line":{"targetMarker":{"d":""}}},"source":{"id":"8b5a2220-1cfd-4ab9-a718-53a49c97a6dd"},"target":{"id":"d6138442-439e-4648-9d24-ae1dc81ebf30"},"id":"40b65dbd-e0b3-45af-b01e-241f374f12c3","z":11},{"type":"standard.Link","attrs":{"line":{"targetMarker":{"d":""}}},"source":{"id":"8b5a2220-1cfd-4ab9-a718-53a49c97a6dd"},"target":{"id":"ac694a26-5232-41e4-99ae-b4b8bc857e02"},"id":"406b86d8-0877-432a-bf16-9d74077f37c9","z":12},{"type":"standard.Link","attrs":{"line":{"targetMarker":{"d":""}}},"source":{"id":"8b5a2220-1cfd-4ab9-a718-53a49c97a6dd"},"target":{"id":"9feffc25-230e-4eb0-8a47-f009228ace90"},"id":"fb5a7c1e-a5d1-4ff0-a779-ca48fb6b9722","z":13},{"type":"standard.Link","attrs":{"line":{"targetMarker":{"d":""}}},"source":{"id":"8b5a2220-1cfd-4ab9-a718-53a49c97a6dd"},"target":{"id":"1226cdbf-4459-4a9e-a737-a97e8b22a551"},"id":"1e209814-91cc-425d-803a-7be6ad92b0d5","z":14},{"type":"custom.Actor","attrs":{"label":{"text":"Familia"}},"position":{"x":40,"y":670},"size":{"width":48,"height":86},"angle":0,"id":"fb31332c-58c3-4f1b-9d22-23b9f25e77af","z":15},{"type":"standard.Link","attrs":{"line":{"targetMarker":{"d":""}}},"source":{"id":"fb31332c-58c3-4f1b-9d22-23b9f25e77af"},"target":{"id":"1226cdbf-4459-4a9e-a737-a97e8b22a551"},"id":"8f0fc087-89ed-4a69-9217-c34b8a12a6de","z":16},{"type":"custom.UseCase","attrs":{"body":{"stroke":"#000","fill":"#FFF7D0"},"label":{"fontSize":16,"fill":"#000","text":"Monitorar Extresse","textWrap":{"width":200,"height":null,"ellipsis":false,"breakWord":true}}},"position":{"x":500,"y":290},"size":{"width":159.46875,"height":43},"angle":0,"id":"be1a2e41-e0b2-46f4-b8d0-b93606f80195","z":17},{"type":"custom.UseCase","attrs":{"body":{"stroke":"#000","fill":"#FFF7D0"},"label":{"fontSize":16,"fill":"#000","text":"Solicitar Suporte Psicológico","textWrap":{"width":200,"height":null,"ellipsis":false,"breakWord":true}}},"position":{"x":220,"y":210},"size":{"width":221.4375,"height":43},"angle":0,"id":"f29bdc04-0bcc-4642-99b7-8daf9426aea1","z":18},{"type":"standard.Link","attrs":{"line":{"targetMarker":{"d":""}}},"source":{"id":"2f47607d-3f6f-44ba-9f36-fd9e0ce1f9c5"},"target":{"id":"f29bdc04-0bcc-4642-99b7-8daf9426aea1"},"id":"c8678c80-9e44-4e10-8472-7b7c3fbb426f","z":19}]}	520	ADVANCED	Sistema de Gestão Executiva	COMPLETE	4	2	\N	ACTIVITY	USE_CASE
16	Modelar o sistema de due diligence que integra auditoria, migração e fusão corporativa em uma aquisição bilionária.	{"cells":[{"type":"custom.UseCase","attrs":{"body":{"stroke":"#000","fill":"#FFF7D0"},"label":{"fontSize":16,"fill":"#000","text":"Integrar Sistemas","textWrap":{"width":200,"height":null,"ellipsis":false,"breakWord":true}}},"position":{"x":50,"y":30},"size":{"width":151.78125,"height":43},"angle":0,"id":"4f575746-ba45-455f-96de-4aee4b0e2088","z":1},{"type":"custom.UseCase","attrs":{"body":{"stroke":"#000","fill":"#FFF7D0"},"label":{"fontSize":16,"fill":"#000","text":"Analisar Base de Usuarios","textWrap":{"width":200,"height":null,"ellipsis":false,"breakWord":true}}},"position":{"x":295,"y":19.4375},"size":{"width":204.59375,"height":43},"angle":0,"id":"fc753f4f-750e-49b0-a53d-88e8b4d6dafa","z":2},{"type":"custom.Actor","attrs":{"label":{"text":"GestorFusao"}},"position":{"x":69,"y":102.4375},"size":{"width":48,"height":86},"angle":0,"id":"0dc7e6f5-7166-404a-9c39-1e651d3ebe4a","z":3},{"type":"custom.Actor","attrs":{"label":{"text":"SistemaCloud"}},"position":{"x":70,"y":240},"size":{"width":48,"height":86},"angle":0,"id":"f5f892b5-2c12-47f2-a4cc-6071ff78b563","z":4},{"type":"custom.Actor","attrs":{"label":{"text":"Analista"}},"position":{"x":70,"y":370},"size":{"width":48,"height":86},"angle":0,"id":"685dbfeb-16e6-46d4-80f8-269d85ba50a8","z":5},{"type":"custom.UseCase","attrs":{"body":{"stroke":"#000","fill":"#FFF7D0"},"label":{"fontSize":16,"fill":"#000","text":"Planejar Novo Futuro","textWrap":{"width":200,"height":null,"ellipsis":false,"breakWord":true}}},"position":{"x":305,"y":130.4375},"size":{"width":172.390625,"height":43},"angle":0,"id":"d2f1e010-1c8c-4b58-99af-63fc24e522d6","z":6},{"type":"custom.UseCase","attrs":{"body":{"stroke":"#000","fill":"#FFF7D0"},"label":{"fontSize":16,"fill":"#000","text":"Migrar dados para Cloud","textWrap":{"width":200,"height":null,"ellipsis":false,"breakWord":true}}},"position":{"x":310,"y":252.4375},"size":{"width":195.03125,"height":43},"angle":0,"id":"0a68ea8b-83d9-40cc-b9a8-42491ecfc745","z":7},{"type":"custom.UseCase","attrs":{"body":{"stroke":"#000","fill":"#FFF7D0"},"label":{"fontSize":16,"fill":"#000","text":"Validar Dados Financeiros","textWrap":{"width":200,"height":null,"ellipsis":false,"breakWord":true}}},"position":{"x":310,"y":407.4375},"size":{"width":204.328125,"height":43},"angle":0,"id":"59cfbf14-8c9f-49c2-bb3a-3d923ef9ef73","z":8},{"type":"standard.Link","attrs":{"line":{"targetMarker":{"d":""}}},"source":{"id":"685dbfeb-16e6-46d4-80f8-269d85ba50a8"},"target":{"id":"59cfbf14-8c9f-49c2-bb3a-3d923ef9ef73"},"id":"aa86db92-bd3c-4053-b189-e882d2816c1a","z":9},{"type":"standard.Link","attrs":{"line":{"targetMarker":{"d":""}}},"source":{"id":"f5f892b5-2c12-47f2-a4cc-6071ff78b563"},"target":{"id":"0a68ea8b-83d9-40cc-b9a8-42491ecfc745"},"id":"fcf7770e-2d38-47fd-a67e-2377d78bf473","z":10},{"type":"standard.Link","attrs":{"line":{"targetMarker":{"d":""}}},"source":{"id":"0dc7e6f5-7166-404a-9c39-1e651d3ebe4a"},"target":{"id":"d2f1e010-1c8c-4b58-99af-63fc24e522d6"},"id":"1976c438-9bde-4fe2-809e-6fc287858687","z":11},{"type":"custom.UseCase","attrs":{"body":{"stroke":"#000","fill":"#FFF7D0"},"label":{"fontSize":16,"fill":"#000","text":"Executar Due Diligence Completa","textWrap":{"width":200,"height":null,"ellipsis":false,"breakWord":true}}},"position":{"x":550,"y":60},"size":{"width":232,"height":60},"angle":0,"id":"12d76aa1-0498-492d-a4a3-88089bb60494","z":12}]}	520	ADVANCED	Sistema de Due Diligence para Aquisição	COMPLETE	5	2	\N	ACTIVITY	USE_CASE
\.


--
-- TOC entry 4904 (class 0 OID 16750)
-- Dependencies: 230
-- Data for Name: phase_character_dialogues; Type: TABLE DATA; Schema: public; Owner: postgres
--

COPY public.phase_character_dialogues (phase_id, character_dialogues, dialogue_order) FROM stdin;
18	Parabéns, você trouxe nossa empresa até aqui. Agora estamos jogando no nível das gigantes!	0
18	Nosso próximo desafio é gerenciar parcerias estratégicas com corporações globais.	1
18	Essas empresas querem integrar seus serviços diretamente à nossa ferramenta — mas isso só vai funcionar se garantirmos segurança total e rastreabilidade.	2
18	O sistema deve permitir integrações seguras, auditorias automáticas e controle de acesso preciso.	3
18	Você precisa completar o diagrama iniciado pela equipe. Ele está incompleto e cheio de lacunas lógicas.	4
18	Identifique e conecte corretamente os atores principais: o Parceiro, o Sistema de Integração (API Gateway) e a Equipe de Segurança e Compliance.	5
18	Há processos essenciais a serem representados: acesso, autenticação, sincronização de repositórios, auditoria e revogação de permissões.	6
18	Lembre-se: cada integração precisa ser auditável. Um erro aqui pode comprometer toda a nossa reputação no mercado corporativo.	7
5	Olá, aluno! Eu sou a Professora Regiane, colega do Professor Carlos. Ele me contou que você mandou muito bem!	0
5	Agora vamos aplicar o que aprendeu em um exercício que simula um cenário do mundo real da faculdade — a lanchonete do campus.	1
5	Pense no sistema que controla os pedidos, pagamentos e preparo dos lanches.	2
5	Veja, já começamos o diagrama, mas ele está incompleto. Cabe a você finalizar as conexões e adicionar o que falta!	3
5	Quem participa? Temos Clientes, Atendentes e Cozinheiros — cada um com suas ações no sistema: Fazer Pedido, Pagar Conta, Processar Pedido e Preparar Pedido.	4
5	Conecte cada ator com as ações que ele realiza: o Cliente faz e paga o pedido, o Atendente processa, e o Cozinheiro prepara	5
5	Antes de começarmos, vou te ensinar dois conceitos muito usados: <<include>> e <<extend>>.	6
5	<<include>> indica uma ação obrigatória que sempre acontece dentro de outra.	7
5	<<extend>> indica uma ação opcional, que só ocorre em determinadas situações.	8
20	Prazer, sou o Diretor Executivo da empresa. Você deve ser o jovem talento que ajudou o RH. Bom trabalho. Mas agora é hora de pensar grande	0
20	Nosso próximo desafio é construir um ERP — Enterprise Resource Planning.	1
20	Um ERP é um sistema integrado que conecta todos os departamentos de uma empresa.	2
20	Ele organiza informações financeiras, gerencia funcionários, acompanha vendas, estoques e ajuda a tomar decisões mais rápidas e confiáveis.	3
20	Para simplificar, vamos focar em dois módulos principais: Financeiro e RH.	4
20	O módulo Financeiro vai controlar contas e gerar relatórios.	5
20	O módulo de RH vai gerenciar os funcionários e calcular os salários.	6
20	Todos os módulos serão conectados pelo Núcleo do ERP, que sincroniza os dados entre eles.	7
20	Ah, e note que os módulos Financeiro e RH são agregados ao NúcleoERP — isso quer dizer que eles funcionam de forma independente, mas o núcleo os conecta e integra.	8
20	Essa relação é chamada de agregação, representada pela seta com losângo vazio, pois o ERP reúne partes que também podem existir separadamente.	9
20	Sua tarefa é modelar classes claras, com atributos e métodos visíveis, e mostrar como os módulos se relacionam.	10
20	Se conseguir representar essa estrutura com clareza, você provará que entende o verdadeiro valor da integração empresarial.	11
18	Complete o diagrama e mostre que nossa arquitetura é tão confiável quanto inovadora.	8
24	Pânico! Nosso sistema está instável e os clientes estão reclamando.	0
24	Seu objetivo é organizar o diagrama de monitoramento de crises, mostrando como todos os atores e processos interagem para manter o sistema sob controle.	1
24	Identifique os principais participantes: o Operador de Monitoramento, o Gerente de Crises, o Sistema de Alertas e a Equipe de Suporte.	2
24	Inclua ações essenciais que refletem o fluxo completo da gestão de crises: detecção de falhas, registro de incidentes, escalonamento de problemas, envio de alertas, confirmação da resolução e geração de relatórios.	3
24	O diagrama deve refletir o ciclo completo: da identificação do problema até a análise pós-incidente, garantindo aprendizado e prevenção futura.	4
24	Cada conexão precisa estar correta — qualquer erro pode aumentar o impacto da crise.	5
21	Emergência! Estamos fundindo nossa empresa com um concorrente, e os sistemas são incompatíveis.	0
21	Identifique os atores: Sistema A, Sistema B, Equipe de TI e Gerente de Mudança.	1
21	Represente as principais ações necessárias para a integração: adaptação de dados, aplicação de regras de compatibilidade, treinamento da equipe e monitoramento da integração.	2
21	Mostre claramente quem realiza cada ação e como os processos se conectam.	3
21	O fluxo deve ser: Sistema A/B → Adaptador → Camada de Compatibilidade → Gestão de Mudança.	4
21	Se fizer isso corretamente, a fusão será bem-sucedida; caso contrário, teremos caos completo!	5
21	Trabalhe 80h/semana até resolver!	6
23	Você é o novo Engenheiro de Software, certo? Sou o Gerente de TI. Esse sistema roda há 20 anos. Ninguém sabe exatamente como funciona — e agora ele está falhando em produção.	0
23	Identificamos race conditions e memory leaks em vários módulos.	1
23	O código é legado — mais de 20 anos sem documentação. Boa sorte tentando entender.	2
23	Veja o diagrama atual: classes mal conectadas, dependências circulares, e nomes genéricos como LogOperacao e fixes que não significam nada.	3
23	A classe LogOperacao precisa evoluir: torne-a uma estrutura de Auditoria, com lista de logs e um método para monitorar operações.	4
23	A Conta precisa ser segura para threads — inclua algum mecanismo de bloqueio (lock) e um método transferirSeguro() que evite race conditions.	5
23	O PatchCritico não está modelado direito. Ele deve representar um conjunto de correções, não uma string solta.	6
23	Conecte as classes de forma lógica: Conta se relaciona com Auditoria, e Auditoria com CorreçãoEmergencial.	7
23	E lembre-se: isso precisa ir pra produção até amanhã. Sem falhas. Trabalhe 24/7 até resolver!	8
22	Parabéns! Você foi promovido a Gerente.	0
22	Sou o Presidente desta corporação. Cheguei aqui trabalhando mais do que todos, e espero o mesmo de você.	1
22	Agora terá que lidar com metas cada vez mais altas, resultados sob pressão e estresse constante.	2
22	Seu novo desafio é modelar o sistema de gestão executiva — onde metas, decisões e vida pessoal se cruzam perigosamente.	3
22	Crie um diagrama de casos de uso que mostre as ações e responsabilidades do gerente, sob constante pressão de resultados.	4
22	Inclua atores como: o Gerente, que toma decisões; o Presidente, que impõe metas; o Sistema de RH, que monitora o estresse e produtividade; e até a Família, que sente os efeitos da sobrecarga.	5
22	Adicione casos de uso que representem suas responsabilidades e dilemas: definir metas, analisar desempenho, tomar decisões críticas, gerenciar equipe e tentar conciliar a vida pessoal.	6
22	Inclua relacionamentos como <<include>> e <<extend>> para mostrar como o estresse e as demandas se espalham por todo o sistema.	7
22	Mostre, através das relações, como a pressão corporativa se infiltra em todas as áreas, mesmo fora do trabalho.	8
22	Horas extras, reuniões intermináveis e viagens serão rotina — essa é a realidade da gerência!	9
5	Na sintaxe UML, usamos as aspas angulares duplas (<< e >>) para indicar o tipo de relação.	9
5	Agora, use esses conceitos no sistema da lanchonete.	10
5	O importante é mostrar o fluxo completo da operação — do cliente ao atendimento e até a cozinha.	11
5	Vamos ver se você consegue deixar o sistema funcionando direitinho!	12
14	Olá, sou a nova CTO da ColabUML. Fui contratada depois da rodada de investimento que vocês garantiram, e estou empolgada com o potencial da nossa plataforma	0
14	Nosso próximo grande passo é transformar a ColabUML em uma ferramenta com Inteligência Artificial. Chega de diagramar manualmente — queremos que o sistema gere diagramas automaticamente a partir de texto e comportamento do usuário.	1
14	Para isso, precisamos de uma arquitetura modular. Modele o sistema com as classes certas para dar vida à nossa IA.	2
14	Crie a classe SugestaoAI, responsável por analisar padrões e gerar os diagramas sugeridos.	3
14	Implemente o ProcessadorTexto, que interpreta as entradas do usuário em linguagem natural.	4
14	Adicione a classe ComportamentoUsuario, que detecta padrões de uso e melhora as sugestões com base na experiência real.	5
14	Tudo isso será orquestrado pela PlataformaInteligente, que conecta todos os módulos — do texto até a sugestão final.	6
14	Ah, e lembre-se: esses módulos não funcionam separados. Eles existem dentro da PlataformaInteligente, ou seja, se a plataforma for encerrada, todos eles desaparecem junto.	7
14	Esse tipo de relação se chama composição, pois um objeto faz parte do outro de forma inseparável.	8
14	O fluxo deve representar: entrada de texto → processamento → análise de comportamento → sugestão de diagrama.	9
14	Mostre no diagrama a relação entre as classes e os métodos principais de cada uma.	10
14	Se conseguirmos fazer isso funcionar, a ColabUML vai deixar de ser apenas uma startup promissora — e se tornará uma revolução na engenharia de software!	11
19	Use <<include>> para indicar ações obrigatórias — por exemplo, auditorias que incluem relatórios, e relatórios que incluem publicação de resultados.	6
19	Monte o diagrama com clareza: o fluxo precisa mostrar como decisão, controle e transparência se conectam.	7
19	Se fizermos isso direito, não seremos apenas uma startup de sucesso — seremos uma empresa de capital aberto com propósito e valores sólidos.	8
17	Olá, eu sou Clara, sua COO — Chief Operating Officer.	0
17	Nosso crescimento é incrível, mas estamos no limite! O sistema atual está enfrentando gargalos graves.	1
17	O banco de dados está sobrecarregado, e o cache praticamente não existe. Precisamos escalar para 500 mil usuários ativos sem travar o sistema.	2
17	O seu desafio é corrigir o diagrama — ele ainda mostra um monolito obsoleto. Está na hora de migrar para microserviços	3
6	Oi, sou a sua colega de sala Lara! Vamos trabalhar juntos nesse projeto do curso de Engenharia de Software!	0
6	Hoje vamos ter nosso primeiro contato com diagramas de classes — um dos tipos mais importantes da UML.	1
6	Já temos as classes Aluno e Disciplina, mas falta a classe Matrícula, que faz a conexão entre elas.	2
6	Primeiro passo: crie a classe Matricula e adicione alguns atributos importantes, como data, status e nota	3
6	Depois, complemente as classes Aluno e Disciplina com atributos úteis. Por exemplo: email no Aluno e creditos na Disciplina	4
6	Depois, defina as multiplicidades corretas para mostrar quantos alunos podem se matricular em quantas disciplinas.	5
6	Lembre-se: um Aluno pode ter várias Matrículas, e cada Matrícula pertence a uma Disciplina	6
6	Capriche nas relações! Essa é a base para qualquer sistema acadêmico real.	7
6	Se conseguir lidar com isso, acho que já consegue lidar com um emprego ou quem sabe até uma startup! Aliás… tenho ideias…	8
8	Colega! Lembra das nossas conversas sobre empreendedorismo na faculdade? Chegou a hora de colocar em prática!	0
8	Vamos lançar a ColabUML, uma plataforma online para criação e compartilhamento de diagramas UML em equipe!	1
8	Nosso MVP (Produto Mínimo Viável) precisa mostrar o valor do sistema: colaboração em tempo real, versionamento e gestão de projetos.	2
8	O problema é que o diagrama atual está incompleto e com alguns erros de conexão. Vamos arrumar isso juntos!	3
8	Os atores principais são o Usuário e o Administrador	4
8	Depois, confira os casos de uso: criar projeto, editar diagrama, compartilhar, versionar, colaborar em tempo real, gerenciar usuários e monitorar atividades. Todos eles precisam estar no diagrama!	5
8	O Usuário será responsável por criar projetos, editar e versionar diagramas, colaborar em tempo real e compartilhar projetos colaborativos.	6
8	Já o Administrador garante a segurança, gerencia usuários e monitora atividades do sistema.	7
8	Se o diagrama estiver claro e bem estruturado, você terá um MVP digno de uma startup de verdade!	8
8	Se conseguir representar tudo isso com clareza, os investidores vão adorar!	9
2	Olá, aluno de Engenharia de Software! Sou o Carlos, seu professor, e serei seu guia nesta jornada pelo mundo dos diagramas UML.	0
2	Hoje vamos começar com algo essencial: os Diagramas de Casos de Uso. Eles mostram quem usa o sistema e o que cada um pode fazer.	1
2	Pense em um sistema de biblioteca: temos pessoas usando o sistema e o sistema executando ações.	2
2	Aqui, tente criar atores (quem interage com o sistema) e casos de uso (o que eles fazem).	3
2	Já começamos o diagrama, mas ele está incompleto. Cabe a você finalizar as conexões e adicionar o que falta!	4
2	Perceba que já temos os atores principais: o Usuário, que interage com o sistema, e o próprio Sistema, que executa algumas ações.	5
2	Agora, sua missão é completar as ligações entre eles e garantir que todos os casos de uso estejam conectados aos atores corretos	6
2	Um ator pode: registrar usuário, emprestar livro e devolver livro.	7
2	O sistema, por sua vez, participa das ações de emprestar e devolver livros, pois precisa validar essas operações.	8
2	Lembre-se: setas conectam atores → casos de uso para mostrar quem faz o quê.	9
2	Vamos praticar! Explore, teste e observe como o diagrama ganha forma.	10
2	Ah, e parabéns por começar sua jornada no UML!	11
9	Chegou a hora da verdade! Fomos chamados para um pitch com investidores da incubadora da faculdade!	0
9	Eles querem ver como nossa plataforma SaaS funciona de forma clara e escalável.	1
9	Precisamos de um diagrama de casos de uso que mostre o valor do produto para diferentes perfis de usuário.	2
9	Inclua dois tipos de usuários: o Free, com funções básicas como criar diagrama e exportar imagens, e o Premium, que tem acesso a colaboração em tempo real e integração com API.	3
9	Crie também o Administrador, responsável por analisar métricas.	4
9	Ah, e aqui vai um detalhe importante: o usuário Premium depende do Free, porque ele herda todas as funções básicas e adiciona recursos avançados. Em UML, chamamos isso de generalização entre atores — é como uma relação de 'é um tipo de'.	5
9	Ah, e não esqueça do Administrador, que analisa métricas e mantém tudo funcionando nos bastidores.	6
9	Use relacionamentos como <<include>> para ações obrigatórias e mostre que nosso sistema é modular e inteligente.	7
9	Esse diagrama vai ser o coração da nossa apresentação — se ficar bom, podemos conseguir R$ 500.000 de investimento "seed"!	8
9	Vamos impressionar os investidores com clareza, lógica e estilo!	9
16	Parabéns, Engenheiro de Software! Sua jornada está quase completa.	0
16	Uma empresa multibilionária quer nos adquirir por 1 bilhão de dólares.	1
16	Mas antes de celebrar, precisamos enfrentar o último desafio: o processo de due diligence.	2
16	Due diligence é uma auditoria completa — financeira, técnica, legal e estrutural — que prova que a empresa é sólida.	3
16	Você precisa mostrar como o sistema se integra, como os dados são migrados e como a nova organização tomará forma.	4
16	Construa o fluxo completo: Due Diligence → Migração → Integração → Novo Futuro.	5
10	Bem-vindo ao seu novo emprego, estagiário! Eu sou o seu Orientador de Estágio, responsável por te acompanhar nesta fase da sua formação corporativa.	0
10	O seu primeiro desafio será corrigir a modelagem de um sistema bancário completo para um banco tradicional, um dos nossos clientes mais exigentes.	1
10	Nosso cliente quer clareza nos fluxos. Identifique os principais atores: o Cliente, o Gerente e o Sistema de Auditoria.	2
10	O Cliente realiza ações como abrir conta, depositar, sacar, transferir e emitir extrato.	3
10	O Gerente possui permissões especiais para aprovar transações e bloquear contas suspeitas.	4
10	E o Sistema de Auditoria monitora todas as operações financeiras, fazendo o registro de auditoria.	5
10	Use relacionamentos <<include>> para mostrar que as operações acionam o registro de auditoria.	6
10	Siga os padrões do banco com precisão, nosso cliente quer segurança e estabilidade!	7
11	O time de RH precisa de um sistema funcional, não mais planilhas confusas.	0
11	Você vai modelar os casos de uso que representam o nosso fluxo de trabalho interno.	1
11	Identifique os atores principais: o Funcionário, o Gerente e o próprio Departamento de RH.	2
11	O Funcionário gerencia benefícios.	3
11	O Gerente tem que poder aprovar folha, atualizar salários e verificar sua hierarquia.	4
11	E o RH, claro, é o responsável por cadastrar novos funcionários, atualizar salários e gerenciar benefícios.	5
11	Ah, e lembre-se de mostrar como os papéis se relacionam entre si — o Funcionário, o RH e o gerente compartilham funções.	6
11	Se fizer certo, poderá até ser efetivado, quem sabe…	7
16	Identifique os atores principais: Analista, Sistema de Integração Cloud e Gestor de Fusão.	6
16	Você precisa conectar o Analista aos casos de uso que faltam, como a análise da base de usuários e a due diligence completa.	7
16	A due diligence inclui as análises financeiras e de usuários; A migração leva à integração; A integração conduz ao planejamento do futuro.	8
16	Use relações <<include>> para mostrar dependências obrigatórias e <<extend>> quando o processo evolui para o próximo estágio.	9
16	Por fim, garanta que o Gestor de Fusão coordene a execução completa da due diligence e planeje o novo futuro da organização.	10
16	Prove que sua arquitetura está pronta para o próximo nível!	11
15	Parabéns, engenheiro de software! Nossa IA revolucionou o mercado — e agora conseguimos um investimento de 10 milhões de dólares!	0
15	Mas com grande investimento vem um desafio global: expandir a ColabUML para o mundo inteiro.	1
15	Precisamos que a plataforma suporte clientes internacionais, cada um com seus idiomas, moedas e regras próprias, sem nunca misturar dados. Isso é o que chamamos de arquitetura multi-tenant internacional.	2
15	Em outras palavras: vários clientes diferentes, compartilhando o mesmo sistema, mas com dados completamente isolados e personalizados.	3
15	Cada tenant (ou empresa contratante) poderá definir seu idioma, moeda e políticas específicas. Isso permitirá operar nos Estados Unidos, Japão, Brasil e Europa, tudo no mesmo backend!	4
15	Você deve corrigir o diagrama incompleto e representar esse novo nível de complexidade.	5
15	Identifique os atores: Administrador, Usuário, Sistema Multi-tenant, Equipe de TI, Auditor e Suporte Internacional.	6
17	Separe as responsabilidades: UserService e DiagramService devem operar de forma independente, cada um com seu próprio banco de dados.	4
17	Implemente um ApiGateway para controlar todas as rotas e a comunicação entre os serviços.	5
17	Adicione um cache distribuído — como o Redis — para melhorar a performance de leitura e aliviar os bancos.	6
17	Conecte tudo corretamente: o gateway fala com os serviços, os serviços consultam o cache.	7
17	Essa é uma virada crítica — se você fizer isso certo, nossa arquitetura estará pronta para escalar globalmente!	8
26	Diagnóstico: Burnout severo. O funcionário está exausto.	0
26	Seu trabalho é completar o modelo dos processos de acompanhamento médico.	1
26	Identifique os atores: Funcionário, Médico do Trabalho, RH e o Sistema de Saúde que integra tudo.	2
26	Inclua ações que refletem o fluxo completo de cuidado e recuperação, desde o registro de sintomas até o monitoramento da recuperação e a geração de relatórios.	3
26	Use relações de dependência (<<include>>, <<extend>>) para mostrar como cada processo se conecta e como o excesso de carga leva a novas complicações.	4
15	Mostre claramente quem executa, quem monitora e quem garante a integridade global.	7
15	Seu diagrama deve refletir o ciclo completo: criação de tenant → configuração → usuários e projetos → auditoria → sincronização global.	8
15	Se fizer isso direito, nossa infraestrutura estará pronta para escalar de milhares para milhões de usuários no mundo todo.	9
26	Mostre que cada decisão tem um custo — e às vezes, a única saída é se afastar.	5
26	Esse é o fim da linha. Construa o diagrama com clareza, ou o sistema colapsa junto com o protagonista.	6
19	Parabéns por chegar até aqui, parceiro! Estamos prestes a dar o maior passo da nossa história: vamos abrir nosso capital!	0
19	Precisamos garantir transparência total, governança sólida e responsabilidade corporativa.	1
19	Você vai modelar o sistema que representa o fluxo de decisões, auditorias e comunicação com o mercado — tudo precisa estar bem amarrado e auditável.	2
19	Identifique os atores-chave: o Conselho de Administração, o Comitê de Auditoria e o CFO (Diretor Financeiro)	3
19	Cada um tem um papel essencial: decisões estratégicas, validação de relatórios, divulgação de resultados e acompanhamento das contas.	4
19	Não se esqueça de considerar também possíveis investigações de irregularidades — afinal, transparência real significa estar pronto para corrigir o que for preciso.	5
\.


--
-- TOC entry 4905 (class 0 OID 16753)
-- Dependencies: 231
-- Data for Name: phase_correct_diagrams; Type: TABLE DATA; Schema: public; Owner: postgres
--

COPY public.phase_correct_diagrams (phase_id, diagram_json) FROM stdin;
5	{"cells":[{"type":"custom.Actor","attrs":{"label":{"text":"Cozinheiro"}},"position":{"x":69,"y":37.4375},"size":{"width":48,"height":86},"angle":0,"id":"60a0bdc6-9e8f-4544-8084-c2ae53c13de6","z":1},{"type":"custom.Actor","attrs":{"label":{"text":"Atendente"}},"position":{"x":70,"y":179.4375},"size":{"width":48,"height":86},"angle":0,"id":"fe0b76a8-d0e7-4721-a14d-f78f3933d182","z":2},{"type":"custom.Actor","attrs":{"label":{"text":"Cliente"}},"position":{"x":70,"y":310},"size":{"width":48,"height":86},"angle":0,"id":"f43636eb-366f-4236-8abd-945e1e1ff11b","z":3},{"type":"custom.UseCase","attrs":{"body":{"stroke":"#000","fill":"#FFF7D0"},"label":{"fontSize":16,"fill":"#000","text":"Preparar Pedido","textWrap":{"width":200,"height":null,"ellipsis":false,"breakWord":true}}},"position":{"x":270,"y":60},"size":{"width":142,"height":43},"angle":0,"id":"a4de5ba2-5f7c-487d-9c71-01ccacb0b3fd","z":4},{"type":"custom.UseCase","attrs":{"body":{"stroke":"#000","fill":"#FFF7D0"},"label":{"fontSize":16,"fill":"#000","text":"Processar Pedido","textWrap":{"width":200,"height":null,"ellipsis":false,"breakWord":true}}},"position":{"x":260,"y":190},"size":{"width":151.8125,"height":43},"angle":0,"id":"b85ff572-6ab5-4d58-96e3-86fbf87cf7f0","z":5},{"type":"standard.Link","attrs":{"line":{"targetMarker":{"d":""}}},"source":{"id":"60a0bdc6-9e8f-4544-8084-c2ae53c13de6"},"target":{"id":"a4de5ba2-5f7c-487d-9c71-01ccacb0b3fd"},"id":"79277b10-5bde-4634-83e5-1b776b58f443","z":6},{"type":"standard.Link","attrs":{"line":{"targetMarker":{"d":""}}},"source":{"id":"fe0b76a8-d0e7-4721-a14d-f78f3933d182"},"target":{"id":"b85ff572-6ab5-4d58-96e3-86fbf87cf7f0"},"id":"d45a3fc6-273d-4dcf-8f66-63e397efe221","z":7},{"type":"custom.UseCase","attrs":{"body":{"stroke":"#000","fill":"#FFF7D0"},"label":{"fontSize":16,"fill":"#000","text":"Fazer Pedido","textWrap":{"width":200,"height":null,"ellipsis":false,"breakWord":true}}},"position":{"x":270,"y":293.4375},"size":{"width":122.953125,"height":43},"angle":0,"id":"fdbc770e-826f-4f55-95c7-2d86694212ba","z":8},{"type":"custom.UseCase","attrs":{"body":{"stroke":"#000","fill":"#FFF7D0"},"label":{"fontSize":16,"fill":"#000","text":"Escolher Itens","textWrap":{"width":200,"height":null,"ellipsis":false,"breakWord":true}}},"position":{"x":530,"y":280},"size":{"width":130.03125,"height":43},"angle":0,"id":"d86449e2-e19b-418d-aecf-ed7532dc097e","z":9},{"type":"custom.UseCase","attrs":{"body":{"stroke":"#000","fill":"#FFF7D0"},"label":{"fontSize":16,"fill":"#000","text":"Pagar Conta","textWrap":{"width":200,"height":null,"ellipsis":false,"breakWord":true}}},"position":{"x":280,"y":390},"size":{"width":120.15625,"height":43},"angle":0,"id":"937bef3f-8d5e-4d9c-a61f-4808e899dec4","z":10},{"type":"custom.UseCase","attrs":{"body":{"stroke":"#000","fill":"#FFF7D0"},"label":{"fontSize":16,"fill":"#000","text":"Emitir Nota","textWrap":{"width":200,"height":null,"ellipsis":false,"breakWord":true}}},"position":{"x":520,"y":390},"size":{"width":120.15625,"height":43},"angle":0,"id":"15ac3377-f807-43d9-b624-927cbc625e63","z":11},{"type":"standard.Link","attrs":{"line":{"targetMarker":{"d":""}}},"source":{"id":"f43636eb-366f-4236-8abd-945e1e1ff11b"},"target":{"id":"fdbc770e-826f-4f55-95c7-2d86694212ba"},"id":"0383a123-f739-4398-af63-19321994b68d","z":12},{"type":"standard.Link","attrs":{"line":{"targetMarker":{"d":""}}},"source":{"id":"f43636eb-366f-4236-8abd-945e1e1ff11b"},"target":{"id":"937bef3f-8d5e-4d9c-a61f-4808e899dec4"},"id":"4a3fd080-d967-43e0-81a1-5471f1f4afb2","z":13},{"type":"custom.Include","attrs":{"line":{"strokeDasharray":"2.2"}},"source":{"id":"fdbc770e-826f-4f55-95c7-2d86694212ba"},"target":{"id":"d86449e2-e19b-418d-aecf-ed7532dc097e"},"id":"561bf8ac-b727-40b0-9ad7-5ee131aab1f3","labels":[{"attrs":{"text":{"text":"<<include>>","fontSize":14,"fill":"#000"},"rect":{"fill":"#fff","stroke":"#000","strokeWidth":0}},"position":{"distance":0.5}}],"z":14},{"type":"custom.Include","attrs":{"line":{"strokeDasharray":"2.2"}},"source":{"id":"937bef3f-8d5e-4d9c-a61f-4808e899dec4"},"target":{"id":"15ac3377-f807-43d9-b624-927cbc625e63"},"id":"896c2649-46b4-4e8b-a193-0af47c27162f","labels":[{"attrs":{"text":{"text":"<<include>>","fontSize":14,"fill":"#000"},"rect":{"fill":"#fff","stroke":"#000","strokeWidth":0}},"position":{"distance":0.5}}],"z":15}]}
5	{"cells":[{"type":"custom.Actor","attrs":{"label":{"text":"Cozinheiro"}},"position":{"x":60,"y":530},"size":{"width":48,"height":86},"angle":0,"id":"2bdd5ff4-f71f-4be3-9a90-b4e7f7cdcf52","z":1},{"type":"custom.UseCase","attrs":{"body":{"stroke":"#000","fill":"#FFF7D0"},"label":{"fontSize":16,"fill":"#000","text":"Preparar Pedido","textWrap":{"width":200,"height":null,"ellipsis":false,"breakWord":true}}},"position":{"x":240,"y":560},"size":{"width":146.2874984741211,"height":42.39999961853027},"angle":0,"id":"74d86278-0413-48f9-a102-dce997178439","z":2},{"type":"standard.Link","attrs":{"line":{"targetMarker":{"d":""}}},"source":{"id":"2bdd5ff4-f71f-4be3-9a90-b4e7f7cdcf52"},"target":{"id":"74d86278-0413-48f9-a102-dce997178439"},"id":"5231ba7a-f33b-4365-be79-b1707da2d1c2","z":3},{"type":"custom.Actor","attrs":{"label":{"text":"Atendente"}},"position":{"x":50,"y":660},"size":{"width":48,"height":86},"angle":0,"id":"795fe60c-08f1-4d94-aeb3-4def6ac9a1dd","z":4},{"type":"custom.UseCase","attrs":{"body":{"stroke":"#000","fill":"#FFF7D0"},"label":{"fontSize":16,"fill":"#000","text":"Registrar Pedido","textWrap":{"width":200,"height":null,"ellipsis":false,"breakWord":true}}},"position":{"x":220,"y":660},"size":{"width":144.375,"height":42.39999961853027},"angle":0,"id":"30eb8e08-78cf-4df4-afb3-bc821463cdd9","z":5},{"type":"custom.UseCase","attrs":{"body":{"stroke":"#000","fill":"#FFF7D0"},"label":{"fontSize":16,"fill":"#000","text":"Confirmar Pagamento","textWrap":{"width":200,"height":null,"ellipsis":false,"breakWord":true}}},"position":{"x":500,"y":660},"size":{"width":188.75,"height":42.39999961853027},"angle":0,"id":"e44bbd46-65eb-473c-b7b2-826dc1d11e28","z":6},{"type":"custom.Include","attrs":{"line":{"strokeDasharray":"2.2"}},"source":{"id":"30eb8e08-78cf-4df4-afb3-bc821463cdd9"},"target":{"id":"e44bbd46-65eb-473c-b7b2-826dc1d11e28"},"id":"1ef9c09e-7ca0-4d99-8b0a-df75bd00c6a9","labels":[{"attrs":{"text":{"text":"<<include>>","fontSize":14,"fill":"#000"},"rect":{"fill":"#fff","stroke":"#000","strokeWidth":0}},"position":{"distance":0.5}}],"z":7},{"type":"custom.UseCase","attrs":{"body":{"stroke":"#000","fill":"#FFF7D0"},"label":{"fontSize":16,"fill":"#000","text":"Entregar Pedido","textWrap":{"width":200,"height":null,"ellipsis":false,"breakWord":true}}},"position":{"x":226,"y":746.6000061035156},"size":{"width":140.95000457763672,"height":42.39999961853027},"angle":0,"id":"575b116d-c9a4-4a56-b864-bce2ecb8de34","z":8},{"type":"standard.Link","attrs":{"line":{"targetMarker":{"d":""}}},"source":{"id":"795fe60c-08f1-4d94-aeb3-4def6ac9a1dd"},"target":{"id":"30eb8e08-78cf-4df4-afb3-bc821463cdd9"},"id":"bc99a7e5-13d3-460a-b989-175ffb62d5e2","z":9},{"type":"standard.Link","attrs":{"line":{"targetMarker":{"d":""}}},"source":{"id":"795fe60c-08f1-4d94-aeb3-4def6ac9a1dd"},"target":{"id":"575b116d-c9a4-4a56-b864-bce2ecb8de34"},"id":"7cf8f842-88f2-4d1d-954a-ef050795368c","z":10},{"type":"custom.Actor","attrs":{"label":{"text":"Cliente"}},"position":{"x":40,"y":840},"size":{"width":48,"height":86},"angle":0,"id":"9cd4e41d-5c2e-4779-b9c5-81f3fefb75fd","z":11},{"type":"custom.UseCase","attrs":{"body":{"stroke":"#000","fill":"#FFF7D0"},"label":{"fontSize":16,"fill":"#000","text":"Realizar Pedido","textWrap":{"width":200,"height":null,"ellipsis":false,"breakWord":true}}},"position":{"x":250,"y":830},"size":{"width":138.20000457763672,"height":42.39999961853027},"angle":0,"id":"30041001-efdd-4a54-9e5c-fe6931987c2c","z":12},{"type":"custom.UseCase","attrs":{"body":{"stroke":"#000","fill":"#FFF7D0"},"label":{"fontSize":16,"fill":"#000","text":"Efetuar Pagamento","textWrap":{"width":200,"height":null,"ellipsis":false,"breakWord":true}}},"position":{"x":240,"y":930},"size":{"width":161.40000915527344,"height":42.39999961853027},"angle":0,"id":"98ac1b64-bc23-4cd8-85f3-ea683899ce62","z":13},{"type":"standard.Link","attrs":{"line":{"targetMarker":{"d":""}}},"source":{"id":"9cd4e41d-5c2e-4779-b9c5-81f3fefb75fd"},"target":{"id":"98ac1b64-bc23-4cd8-85f3-ea683899ce62"},"id":"10f5a9fa-881f-4215-8aa8-ea3b85915b3d","z":14},{"type":"standard.Link","attrs":{"line":{"targetMarker":{"d":""}}},"source":{"id":"9cd4e41d-5c2e-4779-b9c5-81f3fefb75fd"},"target":{"id":"30041001-efdd-4a54-9e5c-fe6931987c2c"},"id":"bf0b1beb-741e-49a3-a2d8-79b1447e4ddb","z":15},{"type":"custom.UseCase","attrs":{"body":{"stroke":"#000","fill":"#FFF7D0"},"label":{"fontSize":16,"fill":"#000","text":"Selecionar Itens","textWrap":{"width":200,"height":null,"ellipsis":false,"breakWord":true}}},"position":{"x":540,"y":830},"size":{"width":141.2249984741211,"height":42.39999961853027},"angle":0,"id":"897ec50c-c6fb-425c-a532-89e9ec9bb3f5","z":16},{"type":"custom.Include","attrs":{"line":{"strokeDasharray":"2.2"}},"source":{"id":"30041001-efdd-4a54-9e5c-fe6931987c2c"},"target":{"id":"897ec50c-c6fb-425c-a532-89e9ec9bb3f5"},"id":"399b5a1a-a21c-4ea4-bd38-f8990bd03e5b","labels":[{"attrs":{"text":{"text":"<<include>>","fontSize":14,"fill":"#000"},"rect":{"fill":"#fff","stroke":"#000","strokeWidth":0}},"position":{"distance":0.5}}],"z":17}]}
8	{"cells":[{"type":"custom.Actor","attrs":{"label":{"text":"Administrador"}},"position":{"x":50,"y":30},"size":{"width":48,"height":86},"angle":0,"id":"41b9304c-85ea-4185-9de8-c4442a889ad2","z":1},{"type":"custom.UseCase","attrs":{"body":{"stroke":"#000","fill":"#FFF7D0"},"label":{"fontSize":16,"fill":"#000","text":"Gerenciar Usuarios","textWrap":{"width":200,"height":null,"ellipsis":false,"breakWord":true}}},"position":{"x":302,"y":12.09375},"size":{"width":160.296875,"height":43},"angle":0,"id":"c021f6d5-4b37-4371-9e46-cd9b0c0535d5","z":2},{"type":"custom.UseCase","attrs":{"body":{"stroke":"#000","fill":"#FFF7D0"},"label":{"fontSize":16,"fill":"#000","text":"Monitorar Atividades","textWrap":{"width":200,"height":null,"ellipsis":false,"breakWord":true}}},"position":{"x":304,"y":96.09375},"size":{"width":171.328125,"height":43},"angle":0,"id":"eb18e598-ae4e-416e-99d4-fd7f03993fb5","z":3},{"type":"standard.Link","attrs":{"line":{"targetMarker":{"d":""}}},"source":{"id":"41b9304c-85ea-4185-9de8-c4442a889ad2"},"target":{"id":"c021f6d5-4b37-4371-9e46-cd9b0c0535d5"},"id":"15b0a43a-b077-4173-a4b9-fa162a78ae6b","z":4},{"type":"standard.Link","attrs":{"line":{"targetMarker":{"d":""}}},"source":{"id":"41b9304c-85ea-4185-9de8-c4442a889ad2"},"target":{"id":"eb18e598-ae4e-416e-99d4-fd7f03993fb5"},"id":"f4f2c43b-7860-442d-865d-9d4d84f5d678","z":5},{"type":"custom.Actor","attrs":{"label":{"text":"Usuario"}},"position":{"x":36,"y":286.09375},"size":{"width":48,"height":86},"angle":0,"id":"d0a421eb-8e0c-4ae4-9bac-6a55820fc48a","z":6},{"type":"custom.UseCase","attrs":{"body":{"stroke":"#000","fill":"#FFF7D0"},"label":{"fontSize":16,"fill":"#000","text":"Colaborar em Tempo Real","textWrap":{"width":200,"height":null,"ellipsis":false,"breakWord":true}}},"position":{"x":250,"y":150},"size":{"width":202.9375,"height":43},"angle":0,"id":"23a62fe7-1d83-4a13-bfdb-4ba2b5c9cfdd","z":7},{"type":"custom.UseCase","attrs":{"body":{"stroke":"#000","fill":"#FFF7D0"},"label":{"fontSize":16,"fill":"#000","text":"Versionar Diagrama","textWrap":{"width":200,"height":null,"ellipsis":false,"breakWord":true}}},"position":{"x":270,"y":340},"size":{"width":165.015625,"height":43},"angle":0,"id":"2dd4daaa-178c-4a3a-b58a-6c5bea1cb942","z":8},{"type":"custom.UseCase","attrs":{"body":{"stroke":"#000","fill":"#FFF7D0"},"label":{"fontSize":16,"fill":"#000","text":"Editar Diagrama","textWrap":{"width":200,"height":null,"ellipsis":false,"breakWord":true}}},"position":{"x":280,"y":240},"size":{"width":141.59375,"height":43},"angle":0,"id":"33c6516c-d926-4d1e-a7db-330f57475921","z":9},{"type":"custom.Extend","attrs":{"line":{"strokeDasharray":"5,5"}},"source":{"id":"2dd4daaa-178c-4a3a-b58a-6c5bea1cb942"},"target":{"id":"33c6516c-d926-4d1e-a7db-330f57475921"},"id":"bea6f8f8-02cb-449e-9f70-6a43ec27ab9b","labels":[{"attrs":{"text":{"text":"<<extend>>","fontSize":14,"fill":"#000"},"rect":{"fill":"#fff","stroke":"#000","strokeWidth":0}},"position":{"distance":0.5}}],"z":10},{"type":"custom.Include","attrs":{"line":{"strokeDasharray":"2.2"}},"source":{"id":"23a62fe7-1d83-4a13-bfdb-4ba2b5c9cfdd"},"target":{"id":"33c6516c-d926-4d1e-a7db-330f57475921"},"id":"df5b2166-0ccb-47dd-958b-52630425e5dd","labels":[{"attrs":{"text":{"text":"<<include>>","fontSize":14,"fill":"#000"},"rect":{"fill":"#fff","stroke":"#000","strokeWidth":0}},"position":{"distance":0.5}}],"z":11},{"type":"custom.UseCase","attrs":{"body":{"stroke":"#000","fill":"#FFF7D0"},"label":{"fontSize":16,"fill":"#000","text":"Criar Projeto","textWrap":{"width":200,"height":null,"ellipsis":false,"breakWord":true}}},"position":{"x":300,"y":410},"size":{"width":120.15625,"height":43},"angle":0,"id":"2efeb196-1c30-4a0d-aaa9-1c23af7ee497","z":12},{"type":"custom.UseCase","attrs":{"body":{"stroke":"#000","fill":"#FFF7D0"},"label":{"fontSize":16,"fill":"#000","text":"Compartilhar Projeto","textWrap":{"width":200,"height":null,"ellipsis":false,"breakWord":true}}},"position":{"x":280,"y":480},"size":{"width":171.5,"height":43},"angle":0,"id":"1378e51d-edf0-43a3-b854-1991f1726b60","z":13},{"type":"standard.Link","attrs":{"line":{"targetMarker":{"d":""}}},"source":{"id":"d0a421eb-8e0c-4ae4-9bac-6a55820fc48a"},"target":{"id":"23a62fe7-1d83-4a13-bfdb-4ba2b5c9cfdd"},"id":"49ff6a9a-2489-46e1-ac5a-0f42c328ef26","z":14},{"type":"standard.Link","attrs":{"line":{"targetMarker":{"d":""}}},"source":{"id":"d0a421eb-8e0c-4ae4-9bac-6a55820fc48a"},"target":{"id":"33c6516c-d926-4d1e-a7db-330f57475921"},"id":"b550a9c5-4bca-44d8-bd5e-fedae5864f12","z":15},{"type":"standard.Link","attrs":{"line":{"targetMarker":{"d":""}}},"source":{"id":"d0a421eb-8e0c-4ae4-9bac-6a55820fc48a"},"target":{"id":"2dd4daaa-178c-4a3a-b58a-6c5bea1cb942"},"id":"29dc26a2-cdb2-4e2a-95b6-4fb1408dc5e8","z":16},{"type":"standard.Link","attrs":{"line":{"targetMarker":{"d":""}}},"source":{"id":"d0a421eb-8e0c-4ae4-9bac-6a55820fc48a"},"target":{"id":"2efeb196-1c30-4a0d-aaa9-1c23af7ee497"},"id":"c59933df-2cde-4ba3-beba-0ebd67f4d0c4","z":17},{"type":"standard.Link","attrs":{"line":{"targetMarker":{"d":""}}},"source":{"id":"d0a421eb-8e0c-4ae4-9bac-6a55820fc48a"},"target":{"id":"1378e51d-edf0-43a3-b854-1991f1726b60"},"id":"fabdd164-3d59-4f77-b6b3-028cdd4f7df9","z":18}]}
8	{"cells":[{"type":"custom.Actor","attrs":{"label":{"text":"Administrador"}},"position":{"x":90,"y":80},"size":{"width":48,"height":86},"angle":0,"id":"d981d3e8-36f1-45bc-8964-c4ae16a5b416","z":1},{"type":"custom.UseCase","attrs":{"body":{"stroke":"#000","fill":"#FFF7D0"},"label":{"fontSize":16,"fill":"#000","text":"Auditar Atividades","textWrap":{"width":200,"height":null,"ellipsis":false,"breakWord":true}}},"position":{"x":350,"y":60},"size":{"width":155.3375015258789,"height":42.39999961853027},"angle":0,"id":"1b3fc9f2-8e33-464a-8121-008a5ec4d965","z":2},{"type":"custom.UseCase","attrs":{"body":{"stroke":"#000","fill":"#FFF7D0"},"label":{"fontSize":16,"fill":"#000","text":"Administrar Usuários","textWrap":{"width":200,"height":null,"ellipsis":false,"breakWord":true}}},"position":{"x":340,"y":160},"size":{"width":181.66250610351562,"height":42.39999961853027},"angle":0,"id":"6f8427a7-3d43-477f-a116-567be9c383f3","z":3},{"type":"standard.Link","attrs":{"line":{"targetMarker":{"d":""}}},"source":{"id":"d981d3e8-36f1-45bc-8964-c4ae16a5b416"},"target":{"id":"1b3fc9f2-8e33-464a-8121-008a5ec4d965"},"id":"2767af4a-72fd-47eb-a7f2-4b4acba4cb69","z":4},{"type":"standard.Link","attrs":{"line":{"targetMarker":{"d":""}}},"source":{"id":"d981d3e8-36f1-45bc-8964-c4ae16a5b416"},"target":{"id":"6f8427a7-3d43-477f-a116-567be9c383f3"},"id":"502744eb-02d7-4e04-9597-0b3f36704f3c","z":5},{"type":"custom.Include","attrs":{"line":{"strokeDasharray":"2.2"}},"source":{"id":"1b3fc9f2-8e33-464a-8121-008a5ec4d965"},"target":{"id":"6f8427a7-3d43-477f-a116-567be9c383f3"},"id":"d7e9fef1-a4cb-471b-9a79-6a0200f11216","labels":[{"attrs":{"text":{"text":"<<include>>","fontSize":14,"fill":"#000"},"rect":{"fill":"#fff","stroke":"#000","strokeWidth":0}},"position":{"distance":0.5}}],"z":6},{"type":"custom.Actor","attrs":{"label":{"text":"Usuário"}},"position":{"x":20,"y":360},"size":{"width":48,"height":86},"angle":0,"id":"50477c68-db22-49ce-80bb-7cf3574ac12c","z":7},{"type":"custom.UseCase","attrs":{"body":{"stroke":"#000","fill":"#FFF7D0"},"label":{"fontSize":16,"fill":"#000","text":"Sincronizar Versões","textWrap":{"width":200,"height":null,"ellipsis":false,"breakWord":true}}},"position":{"x":240,"y":220},"size":{"width":165.52500915527344,"height":42.39999961853027},"angle":0,"id":"de056a8e-f82f-4c34-bdaa-965e6a4911f3","z":8},{"type":"custom.UseCase","attrs":{"body":{"stroke":"#000","fill":"#FFF7D0"},"label":{"fontSize":16,"fill":"#000","text":"Trabalhar em Equipe","textWrap":{"width":200,"height":null,"ellipsis":false,"breakWord":true}}},"position":{"x":230,"y":330},"size":{"width":169.3249969482422,"height":42.39999961853027},"angle":0,"id":"0a0fc02f-5910-411c-8ff1-56a30c2d8311","z":9},{"type":"custom.UseCase","attrs":{"body":{"stroke":"#000","fill":"#FFF7D0"},"label":{"fontSize":16,"fill":"#000","text":"Modificar Diagrama","textWrap":{"width":200,"height":null,"ellipsis":false,"breakWord":true}}},"position":{"x":230,"y":430},"size":{"width":164.0749969482422,"height":42.39999961853027},"angle":0,"id":"ca8c784c-a86b-4038-89d7-56c3cd5524c7","z":10},{"type":"custom.UseCase","attrs":{"body":{"stroke":"#000","fill":"#FFF7D0"},"label":{"fontSize":16,"fill":"#000","text":"Comentar Alterações","textWrap":{"width":200,"height":null,"ellipsis":false,"breakWord":true}}},"position":{"x":220,"y":520},"size":{"width":173.1374969482422,"height":42.39999961853027},"angle":0,"id":"b0fa99ff-fc77-4ee9-acd2-c660bf55c01f","z":11},{"type":"custom.UseCase","attrs":{"body":{"stroke":"#000","fill":"#FFF7D0"},"label":{"fontSize":16,"fill":"#000","text":"Iniciar Projeto","textWrap":{"width":200,"height":null,"ellipsis":false,"breakWord":true}}},"position":{"x":240,"y":580},"size":{"width":130.4375,"height":42.39999961853027},"angle":0,"id":"6b85fa41-b35f-4152-b514-9b6cf733020a","z":12},{"type":"standard.Link","attrs":{"line":{"targetMarker":{"d":""}}},"source":{"id":"50477c68-db22-49ce-80bb-7cf3574ac12c"},"target":{"id":"de056a8e-f82f-4c34-bdaa-965e6a4911f3"},"id":"f00a6f55-f374-4bd4-b229-4de9f11e6f30","z":13},{"type":"standard.Link","attrs":{"line":{"targetMarker":{"d":""}}},"source":{"id":"50477c68-db22-49ce-80bb-7cf3574ac12c"},"target":{"id":"0a0fc02f-5910-411c-8ff1-56a30c2d8311"},"id":"a0c339c1-7d19-4692-b5f1-535fc0d38d50","z":14},{"type":"standard.Link","attrs":{"line":{"targetMarker":{"d":""}}},"source":{"id":"50477c68-db22-49ce-80bb-7cf3574ac12c"},"target":{"id":"ca8c784c-a86b-4038-89d7-56c3cd5524c7"},"id":"4432f22d-d7fa-4f5b-8166-2f4ca8ed95e2","z":15},{"type":"standard.Link","attrs":{"line":{"targetMarker":{"d":""}}},"source":{"id":"50477c68-db22-49ce-80bb-7cf3574ac12c"},"target":{"id":"b0fa99ff-fc77-4ee9-acd2-c660bf55c01f"},"id":"1d51052b-e014-4c73-948c-37d2ad3bf32f","z":16},{"type":"standard.Link","attrs":{"line":{"targetMarker":{"d":""}}},"source":{"id":"50477c68-db22-49ce-80bb-7cf3574ac12c"},"target":{"id":"6b85fa41-b35f-4152-b514-9b6cf733020a"},"id":"22b06957-97ed-431e-aa55-7bf54b746ebd","z":17},{"type":"custom.Extend","attrs":{"line":{"strokeDasharray":"5,5"}},"source":{"id":"b0fa99ff-fc77-4ee9-acd2-c660bf55c01f"},"target":{"id":"ca8c784c-a86b-4038-89d7-56c3cd5524c7"},"id":"9d6434f9-4b58-43cc-b5da-6cf8420bdfb2","labels":[{"attrs":{"text":{"text":"<<extend>>","fontSize":14,"fill":"#000"},"rect":{"fill":"#fff","stroke":"#000","strokeWidth":0}},"position":{"distance":0.5}}],"z":18},{"type":"custom.Include","attrs":{"line":{"strokeDasharray":"2.2"}},"source":{"id":"0a0fc02f-5910-411c-8ff1-56a30c2d8311"},"target":{"id":"ca8c784c-a86b-4038-89d7-56c3cd5524c7"},"id":"dfccdaad-0054-4982-92c6-23b034082c9a","labels":[{"attrs":{"text":{"text":"<<include>>","fontSize":14,"fill":"#000"},"rect":{"fill":"#fff","stroke":"#000","strokeWidth":0}},"position":{"distance":0.5}}],"z":19},{"type":"custom.Extend","attrs":{"line":{"strokeDasharray":"5,5"}},"source":{"id":"de056a8e-f82f-4c34-bdaa-965e6a4911f3"},"target":{"id":"0a0fc02f-5910-411c-8ff1-56a30c2d8311"},"id":"29b62067-cc77-4358-b012-2be754d19c70","labels":[{"attrs":{"text":{"text":"<<extend>>","fontSize":14,"fill":"#000"},"rect":{"fill":"#fff","stroke":"#000","strokeWidth":0}},"position":{"distance":0.5}}],"z":20}]}
6	{"cells":[{"type":"custom.Class","attrs":{"attrsArea":{"height":64},"title":{"text":"Aluno"},"attrsText":{"text":"- matricula: string\\n- nome: string\\n- email: string"}},"position":{"x":20,"y":20},"size":{"width":220,"height":136},"angle":0,"id":"7fafccde-4ffc-4dbe-958f-66403dd09c90","z":1},{"type":"custom.Class","attrs":{"attrsArea":{"height":64},"title":{"text":"Matricula"},"attrsText":{"text":"- data: Date\\n- status: string\\n- nota: double"}},"position":{"x":360,"y":20},"size":{"width":220,"height":136},"angle":0,"id":"88cfdca5-7fd9-4914-892c-73c2d8d020e0","z":2},{"type":"custom.Class","attrs":{"attrsArea":{"height":48},"title":{"text":"Disciplina"},"attrsText":{"text":"- codigo: string\\n- nome: string"}},"position":{"x":680,"y":30},"size":{"width":220,"height":120},"angle":0,"id":"3a6a23dd-dee1-44eb-8779-5e88493eaf43","z":3},{"type":"standard.Link","attrs":{"line":{"targetMarker":{"d":""}}},"source":{"id":"7fafccde-4ffc-4dbe-958f-66403dd09c90"},"target":{"id":"88cfdca5-7fd9-4914-892c-73c2d8d020e0"},"id":"360983c1-940e-48e5-beb3-be845e187e68","z":4,"uml":{"sourceMultiplicity":"1","targetMultiplicity":"*"},"labels":[{"attrs":{"text":{"text":"1","fontSize":12,"fill":"#333"},"rect":{"fill":"transparent","stroke":"none"}},"position":{"distance":0.1,"offset":-10}},{"attrs":{"text":{"text":"*","fontSize":12,"fill":"#333"},"rect":{"fill":"transparent","stroke":"none"}},"position":{"distance":0.9,"offset":-10}}]},{"type":"standard.Link","attrs":{"line":{"targetMarker":{"d":""}}},"source":{"id":"88cfdca5-7fd9-4914-892c-73c2d8d020e0"},"target":{"id":"3a6a23dd-dee1-44eb-8779-5e88493eaf43"},"id":"5989099e-a2b4-4599-8934-001635e1d216","z":5,"uml":{"sourceMultiplicity":"*","targetMultiplicity":"1"},"labels":[{"attrs":{"text":{"text":"*","fontSize":12,"fill":"#333"},"rect":{"fill":"transparent","stroke":"none"}},"position":{"distance":0.1,"offset":-10}},{"attrs":{"text":{"text":"1","fontSize":12,"fill":"#333"},"rect":{"fill":"transparent","stroke":"none"}},"position":{"distance":0.9,"offset":-10}}]}]}
10	{"cells":[{"type":"custom.Actor","attrs":{"label":{"text":"Gerente"}},"position":{"x":30,"y":10},"size":{"width":48,"height":86},"angle":0,"id":"1d1c45e1-9c9e-422e-bc86-5c8a2d415ebb","z":1},{"type":"custom.UseCase","attrs":{"body":{"stroke":"#000","fill":"#FFF7D0"},"label":{"fontSize":16,"fill":"#000","text":"Aprovar Transação","textWrap":{"width":200,"height":null,"ellipsis":false,"breakWord":true}}},"position":{"x":220,"y":8.65625},"size":{"width":159.15625,"height":43},"angle":0,"id":"f0495341-6448-45ae-9a61-700f91dfa658","z":2},{"type":"custom.UseCase","attrs":{"body":{"stroke":"#000","fill":"#FFF7D0"},"label":{"fontSize":16,"fill":"#000","text":"Bloquear Conta","textWrap":{"width":200,"height":null,"ellipsis":false,"breakWord":true}}},"position":{"x":230,"y":70},"size":{"width":138.078125,"height":43},"angle":0,"id":"a7487366-a3d2-441d-b00c-b03cf227cb80","z":3},{"type":"standard.Link","attrs":{"line":{"targetMarker":{"d":""}}},"source":{"id":"1d1c45e1-9c9e-422e-bc86-5c8a2d415ebb"},"target":{"id":"f0495341-6448-45ae-9a61-700f91dfa658"},"id":"da5dcdfb-07a1-42ad-9965-79754d3a3478","z":4},{"type":"standard.Link","attrs":{"line":{"targetMarker":{"d":""}}},"source":{"id":"1d1c45e1-9c9e-422e-bc86-5c8a2d415ebb"},"target":{"id":"a7487366-a3d2-441d-b00c-b03cf227cb80"},"id":"06575a88-54e8-424d-94d3-0f3256223bd8","z":5},{"type":"custom.Actor","attrs":{"label":{"text":"Cliente"}},"position":{"x":20,"y":290},"size":{"width":48,"height":86},"angle":0,"id":"cdbcac44-3b64-4143-be31-5fe8a4f76453","z":6},{"type":"custom.UseCase","attrs":{"body":{"stroke":"#000","fill":"#FFF7D0"},"label":{"fontSize":16,"fill":"#000","text":"Abrir Conta","textWrap":{"width":200,"height":null,"ellipsis":false,"breakWord":true}}},"position":{"x":193,"y":149.65625},"size":{"width":120.15625,"height":43},"angle":0,"id":"30e32fb5-515d-404d-9c3e-2cfa1b0eb5f0","z":7},{"type":"custom.UseCase","attrs":{"body":{"stroke":"#000","fill":"#FFF7D0"},"label":{"fontSize":16,"fill":"#000","text":"Depositar Dinheiro","textWrap":{"width":200,"height":null,"ellipsis":false,"breakWord":true}}},"position":{"x":185,"y":236.65625},"size":{"width":156.953125,"height":43},"angle":0,"id":"eec99165-7762-4a4b-99d9-a6b4135c0314","z":8},{"type":"custom.UseCase","attrs":{"body":{"stroke":"#000","fill":"#FFF7D0"},"label":{"fontSize":16,"fill":"#000","text":"Sacar Dinheiro","textWrap":{"width":200,"height":null,"ellipsis":false,"breakWord":true}}},"position":{"x":180,"y":300},"size":{"width":132.546875,"height":43},"angle":0,"id":"80dc8fcf-2d34-48bd-b26c-581512367180","z":9},{"type":"custom.UseCase","attrs":{"body":{"stroke":"#000","fill":"#FFF7D0"},"label":{"fontSize":16,"fill":"#000","text":"Transferir Dinheiro","textWrap":{"width":200,"height":null,"ellipsis":false,"breakWord":true}}},"position":{"x":183,"y":370.65625},"size":{"width":156.84375,"height":43},"angle":0,"id":"61b5be2d-3dde-4f67-951c-999b659b9a74","z":10},{"type":"custom.UseCase","attrs":{"body":{"stroke":"#000","fill":"#FFF7D0"},"label":{"fontSize":16,"fill":"#000","text":"Emitir Extrato","textWrap":{"width":200,"height":null,"ellipsis":false,"breakWord":true}}},"position":{"x":200,"y":440},"size":{"width":125.84375,"height":43},"angle":0,"id":"49bfba31-cf02-414c-8823-47f291d7fbca","z":11},{"type":"custom.UseCase","attrs":{"body":{"stroke":"#000","fill":"#FFF7D0"},"label":{"fontSize":16,"fill":"#000","text":"Registar Auditoria","textWrap":{"width":200,"height":null,"ellipsis":false,"breakWord":true}}},"position":{"x":500,"y":270},"size":{"width":153.234375,"height":43},"angle":0,"id":"44500490-425f-4ea1-b48b-6a1599b1e7ed","z":12},{"type":"custom.Actor","attrs":{"label":{"text":"Sistema de Auditoria"}},"position":{"x":760,"y":240},"size":{"width":48,"height":86},"angle":0,"id":"aee99351-7f6a-48e6-b8c1-60974174ce41","z":13},{"type":"standard.Link","attrs":{"line":{"targetMarker":{"d":""}}},"source":{"id":"aee99351-7f6a-48e6-b8c1-60974174ce41"},"target":{"id":"44500490-425f-4ea1-b48b-6a1599b1e7ed"},"id":"1db84601-0092-4d62-b707-2be61fb67fd9","z":14},{"type":"custom.Include","attrs":{"line":{"strokeDasharray":"2.2"}},"source":{"id":"eec99165-7762-4a4b-99d9-a6b4135c0314"},"target":{"id":"44500490-425f-4ea1-b48b-6a1599b1e7ed"},"id":"5a23c584-3cb3-45af-96a6-0f44dcd4438c","labels":[{"attrs":{"text":{"text":"<<include>>","fontSize":14,"fill":"#000"},"rect":{"fill":"#fff","stroke":"#000","strokeWidth":0}},"position":{"distance":0.5}}],"z":15},{"type":"custom.Include","attrs":{"line":{"strokeDasharray":"2.2"}},"source":{"id":"80dc8fcf-2d34-48bd-b26c-581512367180"},"target":{"id":"44500490-425f-4ea1-b48b-6a1599b1e7ed"},"id":"ee10bb0f-409d-42ae-8f84-48ec3e1bf782","labels":[{"attrs":{"text":{"text":"<<include>>","fontSize":14,"fill":"#000"},"rect":{"fill":"#fff","stroke":"#000","strokeWidth":0}},"position":{"distance":0.5}}],"z":16},{"type":"custom.Include","attrs":{"line":{"strokeDasharray":"2.2"}},"source":{"id":"61b5be2d-3dde-4f67-951c-999b659b9a74"},"target":{"id":"44500490-425f-4ea1-b48b-6a1599b1e7ed"},"id":"40f41982-c401-439c-b7c0-3c6318007eea","labels":[{"attrs":{"text":{"text":"<<include>>","fontSize":14,"fill":"#000"},"rect":{"fill":"#fff","stroke":"#000","strokeWidth":0}},"position":{"distance":0.5}}],"z":17},{"type":"standard.Link","attrs":{"line":{"targetMarker":{"d":""}}},"source":{"id":"cdbcac44-3b64-4143-be31-5fe8a4f76453"},"target":{"id":"30e32fb5-515d-404d-9c3e-2cfa1b0eb5f0"},"id":"ca0e8398-1b5b-41b2-92d5-90c5620403d1","z":18},{"type":"standard.Link","attrs":{"line":{"targetMarker":{"d":""}}},"source":{"id":"cdbcac44-3b64-4143-be31-5fe8a4f76453"},"target":{"id":"eec99165-7762-4a4b-99d9-a6b4135c0314"},"id":"0cec2749-8234-495f-9099-687e0a77242e","z":19},{"type":"standard.Link","attrs":{"line":{"targetMarker":{"d":""}}},"source":{"id":"cdbcac44-3b64-4143-be31-5fe8a4f76453"},"target":{"id":"80dc8fcf-2d34-48bd-b26c-581512367180"},"id":"cfaa4b42-abf5-45ad-8054-9a3022a4364f","z":20},{"type":"standard.Link","attrs":{"line":{"targetMarker":{"d":""}}},"source":{"id":"cdbcac44-3b64-4143-be31-5fe8a4f76453"},"target":{"id":"61b5be2d-3dde-4f67-951c-999b659b9a74"},"id":"b20c5cbd-7f92-4f16-bc96-a3a81983cf91","z":21},{"type":"standard.Link","attrs":{"line":{"targetMarker":{"d":""}}},"source":{"id":"cdbcac44-3b64-4143-be31-5fe8a4f76453"},"target":{"id":"49bfba31-cf02-414c-8823-47f291d7fbca"},"id":"08798f38-a3c7-4cd7-879e-69836e3502aa","z":22}]}
10	{"cells":[{"type":"custom.Actor","attrs":{"label":{"text":"Cliente"}},"position":{"x":40,"y":160},"size":{"width":48,"height":86},"angle":0,"id":"271b6a9b-2362-4f83-bc95-71e78c601750","z":1},{"type":"custom.UseCase","attrs":{"body":{"stroke":"#000","fill":"#FFF7D0"},"label":{"fontSize":16,"fill":"#000","text":"Criar Conta","textWrap":{"width":200,"height":null,"ellipsis":false,"breakWord":true}}},"position":{"x":160,"y":20},"size":{"width":120.1500015258789,"height":42.39999961853027},"angle":0,"id":"55dbaba4-2981-4e30-bbaa-1d9512544b62","z":2},{"type":"custom.UseCase","attrs":{"body":{"stroke":"#000","fill":"#FFF7D0"},"label":{"fontSize":16,"fill":"#000","text":"Gerar Extrato","textWrap":{"width":200,"height":null,"ellipsis":false,"breakWord":true}}},"position":{"x":170,"y":100},"size":{"width":122.86250305175781,"height":42.39999961853027},"angle":0,"id":"4e950215-ac8f-4827-b0e3-5445418c0822","z":3},{"type":"custom.UseCase","attrs":{"body":{"stroke":"#000","fill":"#FFF7D0"},"label":{"fontSize":16,"fill":"#000","text":"Realizar Depósito","textWrap":{"width":200,"height":null,"ellipsis":false,"breakWord":true}}},"position":{"x":170,"y":190},"size":{"width":150.375,"height":42.39999961853027},"angle":0,"id":"2c51787d-14ac-486a-8b28-9a353fe45a74","z":4},{"type":"custom.UseCase","attrs":{"body":{"stroke":"#000","fill":"#FFF7D0"},"label":{"fontSize":16,"fill":"#000","text":"Efetuar Saque","textWrap":{"width":200,"height":null,"ellipsis":false,"breakWord":true}}},"position":{"x":190,"y":270},"size":{"width":128.7249984741211,"height":42.39999961853027},"angle":0,"id":"5e2e07b2-937b-41a0-a7ef-ac3bfb820738","z":5},{"type":"custom.UseCase","attrs":{"body":{"stroke":"#000","fill":"#FFF7D0"},"label":{"fontSize":16,"fill":"#000","text":"Fazer Transferência","textWrap":{"width":200,"height":null,"ellipsis":false,"breakWord":true}}},"position":{"x":180,"y":350},"size":{"width":164.0625,"height":42.39999961853027},"angle":0,"id":"1cf59c81-3092-41c3-85b5-9d6b70efeab5","z":6},{"type":"custom.Actor","attrs":{"label":{"text":"Gerente"}},"position":{"x":30,"y":470},"size":{"width":48,"height":86},"angle":0,"id":"d72f8c81-2840-4b8d-acd2-8b59afb3bd42","z":7},{"type":"custom.UseCase","attrs":{"body":{"stroke":"#000","fill":"#FFF7D0"},"label":{"fontSize":16,"fill":"#000","text":"Autorizar Transação","textWrap":{"width":200,"height":null,"ellipsis":false,"breakWord":true}}},"position":{"x":170,"y":470},"size":{"width":166.8874969482422,"height":42.39999961853027},"angle":0,"id":"cdb16756-98ae-40bb-b493-2b8c74f07dde","z":8},{"type":"custom.UseCase","attrs":{"body":{"stroke":"#000","fill":"#FFF7D0"},"label":{"fontSize":16,"fill":"#000","text":"Suspender Conta","textWrap":{"width":200,"height":null,"ellipsis":false,"breakWord":true}}},"position":{"x":180,"y":570},"size":{"width":154.1875,"height":42.39999961853027},"angle":0,"id":"0dae84b7-4d5b-406d-bdd3-671ae37e869d","z":9},{"type":"standard.Link","attrs":{"line":{"targetMarker":{"d":""}}},"source":{"id":"d72f8c81-2840-4b8d-acd2-8b59afb3bd42"},"target":{"id":"cdb16756-98ae-40bb-b493-2b8c74f07dde"},"id":"09178d8f-62ee-4376-acbf-7fa9021ae79d","z":10},{"type":"standard.Link","attrs":{"line":{"targetMarker":{"d":""}}},"source":{"id":"d72f8c81-2840-4b8d-acd2-8b59afb3bd42"},"target":{"id":"0dae84b7-4d5b-406d-bdd3-671ae37e869d"},"id":"ebbd88ab-4d9e-4231-97bd-3a9c289620a7","z":11},{"type":"standard.Link","attrs":{"line":{"targetMarker":{"d":""}}},"source":{"id":"271b6a9b-2362-4f83-bc95-71e78c601750"},"target":{"id":"55dbaba4-2981-4e30-bbaa-1d9512544b62"},"id":"136913e0-f10d-4cbf-b46b-08fd8c7d408e","z":12},{"type":"standard.Link","attrs":{"line":{"targetMarker":{"d":""}}},"source":{"id":"271b6a9b-2362-4f83-bc95-71e78c601750"},"target":{"id":"4e950215-ac8f-4827-b0e3-5445418c0822"},"id":"9f4aa909-13a0-4d86-a87c-24e3ee8647e2","z":13},{"type":"standard.Link","attrs":{"line":{"targetMarker":{"d":""}}},"source":{"id":"271b6a9b-2362-4f83-bc95-71e78c601750"},"target":{"id":"2c51787d-14ac-486a-8b28-9a353fe45a74"},"id":"8f2e3678-11d6-4ab8-8862-c8905dcddb9b","z":14},{"type":"standard.Link","attrs":{"line":{"targetMarker":{"d":""}}},"source":{"id":"271b6a9b-2362-4f83-bc95-71e78c601750"},"target":{"id":"5e2e07b2-937b-41a0-a7ef-ac3bfb820738"},"id":"5ba989e6-a2b6-4b74-80a3-a2de0a280c24","z":15},{"type":"standard.Link","attrs":{"line":{"targetMarker":{"d":""}}},"source":{"id":"271b6a9b-2362-4f83-bc95-71e78c601750"},"target":{"id":"1cf59c81-3092-41c3-85b5-9d6b70efeab5"},"id":"2418356e-7159-4711-87a0-3da16db57297","z":16},{"type":"custom.Actor","attrs":{"label":{"text":"Auditoria"}},"position":{"x":720,"y":200},"size":{"width":48,"height":86},"angle":0,"id":"d8a6759d-692a-404d-ae3e-5c85f7f7e29d","z":17},{"type":"custom.UseCase","attrs":{"body":{"stroke":"#000","fill":"#FFF7D0"},"label":{"fontSize":16,"fill":"#000","text":"Logar Operação","textWrap":{"width":200,"height":null,"ellipsis":false,"breakWord":true}}},"position":{"x":490,"y":230},"size":{"width":140.75,"height":42.39999961853027},"angle":0,"id":"17761cca-6b90-4c6b-a83f-433879f24ef6","z":18},{"type":"custom.Include","attrs":{"line":{"strokeDasharray":"2.2"}},"source":{"id":"2c51787d-14ac-486a-8b28-9a353fe45a74"},"target":{"id":"17761cca-6b90-4c6b-a83f-433879f24ef6"},"id":"7533012c-4219-48d3-a1d6-cc030b38f736","labels":[{"attrs":{"text":{"text":"<<include>>","fontSize":14,"fill":"#000"},"rect":{"fill":"#fff","stroke":"#000","strokeWidth":0}},"position":{"distance":0.5}}],"z":19},{"type":"custom.Include","attrs":{"line":{"strokeDasharray":"2.2"}},"source":{"id":"5e2e07b2-937b-41a0-a7ef-ac3bfb820738"},"target":{"id":"17761cca-6b90-4c6b-a83f-433879f24ef6"},"id":"53ccf27d-42f1-44b1-9bc8-8fadb8b1ccad","labels":[{"attrs":{"text":{"text":"<<include>>","fontSize":14,"fill":"#000"},"rect":{"fill":"#fff","stroke":"#000","strokeWidth":0}},"position":{"distance":0.5}}],"z":20},{"type":"custom.Include","attrs":{"line":{"strokeDasharray":"2.2"}},"source":{"id":"1cf59c81-3092-41c3-85b5-9d6b70efeab5"},"target":{"id":"17761cca-6b90-4c6b-a83f-433879f24ef6"},"id":"6ba48487-b683-4325-9b6b-336eddcd0ea5","labels":[{"attrs":{"text":{"text":"<<include>>","fontSize":14,"fill":"#000"},"rect":{"fill":"#fff","stroke":"#000","strokeWidth":0}},"position":{"distance":0.5}}],"z":21},{"type":"standard.Link","attrs":{"line":{"targetMarker":{"d":""}}},"source":{"id":"d8a6759d-692a-404d-ae3e-5c85f7f7e29d"},"target":{"id":"17761cca-6b90-4c6b-a83f-433879f24ef6"},"id":"65197925-13de-4b2f-b1c3-7fead7d65698","z":22},{"type":"custom.Include","attrs":{"line":{"strokeDasharray":"2.2"}},"source":{"id":"cdb16756-98ae-40bb-b493-2b8c74f07dde"},"target":{"id":"17761cca-6b90-4c6b-a83f-433879f24ef6"},"id":"e8e9aa9b-ff20-4fde-8803-717fc4ac8080","labels":[{"attrs":{"text":{"text":"<<include>>","fontSize":14,"fill":"#000"},"rect":{"fill":"#fff","stroke":"#000","strokeWidth":0}},"position":{"distance":0.5}}],"z":23}]}
11	{"cells":[{"type":"custom.Actor","attrs":{"label":{"text":"Funcionario"}},"position":{"x":46,"y":421.21875},"size":{"width":48,"height":86},"angle":0,"id":"4ae38af5-21a8-45af-a7e1-3beb64d77e96","z":1},{"type":"custom.UseCase","attrs":{"body":{"stroke":"#000","fill":"#FFF7D0"},"label":{"fontSize":16,"fill":"#000","text":"Gerenciar Beneficios","textWrap":{"width":200,"height":null,"ellipsis":false,"breakWord":true}}},"position":{"x":230,"y":440},"size":{"width":170.296875,"height":43},"angle":0,"id":"1762824c-2b89-4a8a-b7e2-a19c6d2ffc4c","z":2},{"type":"custom.Actor","attrs":{"label":{"text":"RH"}},"position":{"x":40,"y":570},"size":{"width":48,"height":86},"angle":0,"id":"618da3a7-e73c-4f27-9c8f-2d1abf94b8d6","z":3},{"type":"custom.UseCase","attrs":{"body":{"stroke":"#000","fill":"#FFF7D0"},"label":{"fontSize":16,"fill":"#000","text":"Cadastrar Funcionario","textWrap":{"width":200,"height":null,"ellipsis":false,"breakWord":true}}},"position":{"x":220,"y":540},"size":{"width":179.59375,"height":43},"angle":0,"id":"76edbe1c-8a06-46c2-9be6-5cb2c350a71b","z":4},{"type":"custom.UseCase","attrs":{"body":{"stroke":"#000","fill":"#FFF7D0"},"label":{"fontSize":16,"fill":"#000","text":"Atualizar Salario","textWrap":{"width":200,"height":null,"ellipsis":false,"breakWord":true}}},"position":{"x":250,"y":620},"size":{"width":143.609375,"height":43},"angle":0,"id":"ecc11449-3717-465d-87dc-c42e8d72899a","z":5},{"type":"custom.Actor","attrs":{"label":{"text":"Gerente"}},"position":{"x":41,"y":717.21875},"size":{"width":48,"height":86},"angle":0,"id":"ca3986d3-41e4-43a7-963f-ed646fd8e733","z":6},{"type":"custom.UseCase","attrs":{"body":{"stroke":"#000","fill":"#FFF7D0"},"label":{"fontSize":16,"fill":"#000","text":"Aprovar Folha de Pagamento","textWrap":{"width":200,"height":null,"ellipsis":false,"breakWord":true}}},"position":{"x":240,"y":700},"size":{"width":222.28125,"height":43},"angle":0,"id":"bbf30dae-09b5-4847-95c8-56a6be9753af","z":7},{"type":"custom.UseCase","attrs":{"body":{"stroke":"#000","fill":"#FFF7D0"},"label":{"fontSize":16,"fill":"#000","text":"Verificar Hierarquia","textWrap":{"width":200,"height":null,"ellipsis":false,"breakWord":true}}},"position":{"x":280,"y":780},"size":{"width":161.328125,"height":43},"angle":0,"id":"a130a378-a9a7-4633-817c-319d2ffb2491","z":8},{"type":"standard.Link","attrs":{"line":{"targetMarker":{"d":""}}},"source":{"id":"ca3986d3-41e4-43a7-963f-ed646fd8e733"},"target":{"id":"a130a378-a9a7-4633-817c-319d2ffb2491"},"id":"31e0b5f3-bbd7-4b15-a8f6-8d4bc86b8f7c","z":9},{"type":"standard.Link","attrs":{"line":{"targetMarker":{"d":""}}},"source":{"id":"ca3986d3-41e4-43a7-963f-ed646fd8e733"},"target":{"id":"bbf30dae-09b5-4847-95c8-56a6be9753af"},"id":"50e6761e-b467-44fc-a4ef-cae36c550452","z":10},{"type":"standard.Link","attrs":{"line":{"targetMarker":{"d":""}}},"source":{"id":"618da3a7-e73c-4f27-9c8f-2d1abf94b8d6"},"target":{"id":"ecc11449-3717-465d-87dc-c42e8d72899a"},"id":"9054c392-a527-4656-a5e6-a12e3f536ad1","z":11},{"type":"standard.Link","attrs":{"line":{"targetMarker":{"d":""}}},"source":{"id":"ca3986d3-41e4-43a7-963f-ed646fd8e733"},"target":{"id":"ecc11449-3717-465d-87dc-c42e8d72899a"},"id":"869494f7-bf49-4d01-89fd-a6eb8fd53463","z":12},{"type":"standard.Link","attrs":{"line":{"targetMarker":{"d":""}}},"source":{"id":"618da3a7-e73c-4f27-9c8f-2d1abf94b8d6"},"target":{"id":"76edbe1c-8a06-46c2-9be6-5cb2c350a71b"},"id":"199b3ef2-d5f3-4e8c-a97b-7a412393c266","z":13},{"type":"standard.Link","attrs":{"line":{"targetMarker":{"d":""}}},"source":{"id":"618da3a7-e73c-4f27-9c8f-2d1abf94b8d6"},"target":{"id":"1762824c-2b89-4a8a-b7e2-a19c6d2ffc4c"},"id":"ff309dc5-9ccf-4de1-a3c6-d1b26194d169","z":14},{"type":"standard.Link","attrs":{"line":{"targetMarker":{"d":""}}},"source":{"id":"4ae38af5-21a8-45af-a7e1-3beb64d77e96"},"target":{"id":"1762824c-2b89-4a8a-b7e2-a19c6d2ffc4c"},"id":"78904eaa-6c4c-4931-8bac-94cdb1c06a1b","z":15}]}
11	{"cells":[{"type":"custom.Actor","attrs":{"label":{"text":"Gerente"}},"position":{"x":50,"y":90},"size":{"width":48,"height":86},"angle":0,"id":"5c54f290-b12f-492f-9a03-63fcf7ba94b6","z":1},{"type":"custom.UseCase","attrs":{"body":{"stroke":"#000","fill":"#FFF7D0"},"label":{"fontSize":16,"fill":"#000","text":"Aprovar Folha de Pagamento","textWrap":{"width":200,"height":null,"ellipsis":false,"breakWord":true}}},"position":{"x":170,"y":90},"size":{"width":221.8874969482422,"height":42.39999961853027},"angle":0,"id":"91c90389-16c4-4083-99cb-ad3c6efb5375","z":2},{"type":"custom.UseCase","attrs":{"body":{"stroke":"#000","fill":"#FFF7D0"},"label":{"fontSize":16,"fill":"#000","text":"Verificar Hierarquia","textWrap":{"width":200,"height":null,"ellipsis":false,"breakWord":true}}},"position":{"x":200,"y":20},"size":{"width":168.4499969482422,"height":42.39999961853027},"angle":0,"id":"e997584e-6af7-4345-97af-4690f80e82da","z":3},{"type":"custom.UseCase","attrs":{"body":{"stroke":"#000","fill":"#FFF7D0"},"label":{"fontSize":16,"fill":"#000","text":"Atualizar Salario","textWrap":{"width":200,"height":null,"ellipsis":false,"breakWord":true}}},"position":{"x":210,"y":190},"size":{"width":148.1125030517578,"height":42.39999961853027},"angle":0,"id":"37926adf-f26d-4c83-a847-2f01373a5343","z":4},{"type":"custom.Include","attrs":{"line":{"strokeDasharray":"2.2"}},"source":{"id":"91c90389-16c4-4083-99cb-ad3c6efb5375"},"target":{"id":"37926adf-f26d-4c83-a847-2f01373a5343"},"id":"867a3ee1-85e3-48e1-b15e-16d08db16e48","labels":[{"attrs":{"text":{"text":"<<include>>","fontSize":14,"fill":"#000"},"rect":{"fill":"#fff","stroke":"#000","strokeWidth":0}},"position":{"distance":0.5}}],"z":5},{"type":"standard.Link","attrs":{"line":{"targetMarker":{"d":""}}},"source":{"id":"5c54f290-b12f-492f-9a03-63fcf7ba94b6"},"target":{"id":"e997584e-6af7-4345-97af-4690f80e82da"},"id":"89bd8f59-9c20-48d1-9127-003863ea9471","z":6},{"type":"standard.Link","attrs":{"line":{"targetMarker":{"d":""}}},"source":{"id":"5c54f290-b12f-492f-9a03-63fcf7ba94b6"},"target":{"id":"91c90389-16c4-4083-99cb-ad3c6efb5375"},"id":"53b15067-0fa9-4b69-ae76-f915e13753aa","z":7},{"type":"standard.Link","attrs":{"line":{"targetMarker":{"d":""}}},"source":{"id":"5c54f290-b12f-492f-9a03-63fcf7ba94b6"},"target":{"id":"37926adf-f26d-4c83-a847-2f01373a5343"},"id":"f8c8e121-b660-4e4a-8e32-f0b0affc91e0","z":8},{"type":"custom.Actor","attrs":{"label":{"text":"RH"}},"position":{"x":60,"y":280},"size":{"width":48,"height":86},"angle":0,"id":"97afed82-da05-4f91-90b2-8a17f91555f6","z":9},{"type":"custom.UseCase","attrs":{"body":{"stroke":"#000","fill":"#FFF7D0"},"label":{"fontSize":16,"fill":"#000","text":"Cadastrar funcionario","textWrap":{"width":200,"height":null,"ellipsis":false,"breakWord":true}}},"position":{"x":180,"y":390},"size":{"width":186.125,"height":42.39999961853027},"angle":0,"id":"a7108027-ee34-4d06-b0c9-d7592867d437","z":11},{"type":"custom.UseCase","attrs":{"body":{"stroke":"#000","fill":"#FFF7D0"},"label":{"fontSize":16,"fill":"#000","text":"Gerenciar Beneficios","textWrap":{"width":200,"height":null,"ellipsis":false,"breakWord":true}}},"position":{"x":190,"y":290},"size":{"width":169.90000915527344,"height":42.39999961853027},"angle":0,"id":"b0aa89ab-87f5-4d92-b546-82ab91208373","z":12},{"type":"standard.Link","attrs":{"line":{"targetMarker":{"d":""}}},"source":{"id":"97afed82-da05-4f91-90b2-8a17f91555f6"},"target":{"id":"b0aa89ab-87f5-4d92-b546-82ab91208373"},"id":"2bd94a44-2d80-48ff-bccb-336021319d80","z":13},{"type":"standard.Link","attrs":{"line":{"targetMarker":{"d":""}}},"source":{"id":"97afed82-da05-4f91-90b2-8a17f91555f6"},"target":{"id":"a7108027-ee34-4d06-b0c9-d7592867d437"},"id":"7a094469-539a-4518-b0ad-c492702880c5","z":14},{"type":"custom.Actor","attrs":{"label":{"text":"Funcionario"}},"position":{"x":590,"y":260},"size":{"width":48,"height":86},"angle":0,"id":"1aaf8983-21db-4b48-974b-2f75c08d7977","z":15},{"type":"standard.Link","attrs":{"line":{"targetMarker":{"d":""}}},"source":{"id":"1aaf8983-21db-4b48-974b-2f75c08d7977"},"target":{"id":"b0aa89ab-87f5-4d92-b546-82ab91208373"},"id":"9ef93b4c-b514-4773-8cdc-d610d2a9bdd6","z":16},{"type":"standard.Link","attrs":{"line":{"targetMarker":{"d":""}}},"source":{"id":"97afed82-da05-4f91-90b2-8a17f91555f6"},"target":{"id":"37926adf-f26d-4c83-a847-2f01373a5343"},"id":"a73e4de9-6453-41f2-89fc-ef3d7744446a","z":17},{"type":"custom.Include","attrs":{"line":{"strokeDasharray":"2.2"}},"source":{"id":"37926adf-f26d-4c83-a847-2f01373a5343"},"target":{"id":"b0aa89ab-87f5-4d92-b546-82ab91208373"},"id":"d3433a96-d8e9-4fed-9a2f-d9a9c9461da2","labels":[{"attrs":{"text":{"text":"<<include>>","fontSize":14,"fill":"#000"},"rect":{"fill":"#fff","stroke":"#000","strokeWidth":0}},"position":{"distance":0.5}}],"z":18}]}
14	{"cells":[{"type":"custom.Class","attrs":{"attrsArea":{"height":64},"title":{"text":"PlataformaInteligente"},"attrsText":{"text":"- sugestaoai: sugestaoai\\n- processadortexto: processadortexto\\n- comportamentousuario: comportamentousuario"},"opsText":{"text":"+ criardiagramaautomatico(): Diagrama"}},"position":{"x":270,"y":20},"size":{"width":220,"height":136},"angle":0,"id":"bb3c4ba9-b067-41cc-b35c-d7cd2bc1c6e1","z":1},{"type":"custom.Class","attrs":{"attrsArea":{"height":48},"title":{"text":"SugestaoAI"},"attrsText":{"text":"- modelo: string\\n- acuracia: double"},"opsText":{"text":"+ sugerirDiagrama(): Diagrama"}},"position":{"x":30,"y":240},"size":{"width":220,"height":120},"angle":0,"id":"9f7656ec-7f74-47bb-bbd7-3d4b9b2f33fa","z":2},{"type":"custom.Class","attrs":{"title":{"text":"ProcessadorTexto"},"attrsText":{"text":"- linguagem: string"},"opsText":{"text":"+ analisarTexto(): string"}},"position":{"x":290,"y":240},"size":{"width":220,"height":104},"angle":0,"id":"31885408-d985-4d41-b8c0-b3ade8ef271a","z":3},{"type":"custom.Class","attrs":{"title":{"text":"ComportamentoUsuario"},"attrsText":{"text":"- padroes: string"},"opsText":{"text":"+ analisarComportamento(): String"}},"position":{"x":550,"y":240},"size":{"width":220,"height":104},"angle":0,"id":"0a4f5d41-20fb-4217-85e2-3ee27c7cfdae","z":4},{"type":"custom.Composition","attrs":{"line":{"targetMarker":{"type":"image","xlink:href":"/assets/uml-svg/composition.png","width":24,"height":24,"y":-12},"strokeDasharray":"none"}},"source":{"id":"9f7656ec-7f74-47bb-bbd7-3d4b9b2f33fa"},"target":{"id":"bb3c4ba9-b067-41cc-b35c-d7cd2bc1c6e1"},"id":"c48a0fd8-e07f-4dd4-864a-ca70c4d4147c","labels":[{"attrs":{"text":{"text":"1","fontSize":12,"fill":"#333"},"rect":{"fill":"transparent","stroke":"none"}},"position":{"distance":0.1,"offset":-10}},{"attrs":{"text":{"text":"1","fontSize":12,"fill":"#333"},"rect":{"fill":"transparent","stroke":"none"}},"position":{"distance":0.9,"offset":-10}}],"z":5,"uml":{"targetMultiplicity":"1","sourceMultiplicity":"1"}},{"type":"custom.Composition","attrs":{"line":{"targetMarker":{"type":"image","xlink:href":"/assets/uml-svg/composition.png","width":24,"height":24,"y":-12},"strokeDasharray":"none"}},"source":{"id":"31885408-d985-4d41-b8c0-b3ade8ef271a"},"target":{"id":"bb3c4ba9-b067-41cc-b35c-d7cd2bc1c6e1"},"id":"3ed60bae-b49a-4766-a989-7c2070f92722","labels":[{"attrs":{"text":{"text":"1","fontSize":12,"fill":"#333"},"rect":{"fill":"transparent","stroke":"none"}},"position":{"distance":0.1,"offset":-10}},{"attrs":{"text":{"text":"1","fontSize":12,"fill":"#333"},"rect":{"fill":"transparent","stroke":"none"}},"position":{"distance":0.9,"offset":-10}}],"z":6,"uml":{"targetMultiplicity":"1","sourceMultiplicity":"1"}},{"type":"custom.Composition","attrs":{"line":{"targetMarker":{"type":"image","xlink:href":"/assets/uml-svg/composition.png","width":24,"height":24,"y":-12},"strokeDasharray":"none"}},"source":{"id":"0a4f5d41-20fb-4217-85e2-3ee27c7cfdae"},"target":{"id":"bb3c4ba9-b067-41cc-b35c-d7cd2bc1c6e1"},"id":"fc6ef360-f820-4b07-8cc0-efe514e35ca1","labels":[{"attrs":{"text":{"text":"1","fontSize":12,"fill":"#333"},"rect":{"fill":"transparent","stroke":"none"}},"position":{"distance":0.1,"offset":-10}},{"attrs":{"text":{"text":"1","fontSize":12,"fill":"#333"},"rect":{"fill":"transparent","stroke":"none"}},"position":{"distance":0.9,"offset":-10}}],"z":7,"uml":{"targetMultiplicity":"1","sourceMultiplicity":"1"}}]}
23	{"cells":[{"type":"custom.Class","attrs":{"attrsArea":{"height":48},"title":{"text":"Conta"},"attrsText":{"text":"- saldo: double\\n- lock: Lock"},"opsText":{"text":"+ transferirSeguro(): void"}},"position":{"x":330,"y":10},"size":{"width":220,"height":120},"angle":0,"id":"610e7280-82af-4c41-8624-e8bd5d33df96","z":1},{"type":"custom.Class","attrs":{"title":{"text":"Auditoria"},"attrsText":{"text":"- logs: List<log>"},"opsText":{"text":"+ monitorar(): void"}},"position":{"x":60,"y":170},"size":{"width":220,"height":104},"angle":0,"id":"ec270ccf-3961-4d8b-8f87-7cd85aa97954","z":2},{"type":"standard.Link","attrs":{"line":{"targetMarker":{"d":""}}},"source":{"id":"ec270ccf-3961-4d8b-8f87-7cd85aa97954"},"target":{"id":"610e7280-82af-4c41-8624-e8bd5d33df96"},"id":"6c3ce29e-65ae-4635-8549-76dda064513a","z":3,"uml":{"targetMultiplicity":"1","sourceMultiplicity":"1"},"labels":[{"attrs":{"text":{"text":"1","fontSize":12,"fill":"#333"},"rect":{"fill":"transparent","stroke":"none"}},"position":{"distance":0.1,"offset":-10}},{"attrs":{"text":{"text":"1","fontSize":12,"fill":"#333"},"rect":{"fill":"transparent","stroke":"none"}},"position":{"distance":0.9,"offset":-10}}]},{"type":"custom.Class","attrs":{"title":{"text":"CorrecaoEmergencial"},"attrsText":{"text":"- patches: List<Patch>"},"opsText":{"text":"+ aplicarFix(): void"}},"position":{"x":620,"y":170},"size":{"width":220,"height":104},"angle":0,"id":"1fdb3195-5385-4261-ba1e-1513594a7dfd","z":4},{"type":"standard.Link","attrs":{"line":{"targetMarker":{"d":""}}},"source":{"id":"1fdb3195-5385-4261-ba1e-1513594a7dfd"},"target":{"id":"610e7280-82af-4c41-8624-e8bd5d33df96"},"id":"fef16731-8917-4278-bef4-8fd86caa38c9","z":5,"uml":{"targetMultiplicity":"1","sourceMultiplicity":"1"},"labels":[{"attrs":{"text":{"text":"1","fontSize":12,"fill":"#333"},"rect":{"fill":"transparent","stroke":"none"}},"position":{"distance":0.1,"offset":-10}},{"attrs":{"text":{"text":"1","fontSize":12,"fill":"#333"},"rect":{"fill":"transparent","stroke":"none"}},"position":{"distance":0.9,"offset":-10}}]}]}
19	{"cells":[{"type":"custom.Actor","attrs":{"label":{"text":"ComiteAuditoria"}},"position":{"x":200,"y":420},"size":{"width":48,"height":86},"angle":0,"id":"ebc744f2-0aca-41f8-a419-fd153f072a89","z":1},{"type":"custom.UseCase","attrs":{"body":{"stroke":"#000","fill":"#FFF7D0"},"label":{"fontSize":16,"fill":"#000","text":"Investigar Irregularidades","textWrap":{"width":200,"height":null,"ellipsis":false,"breakWord":true}}},"position":{"x":420,"y":450},"size":{"width":199.953125,"height":43},"angle":0,"id":"6c528efb-4683-4b67-b62e-84e4663adecc","z":2},{"type":"custom.UseCase","attrs":{"body":{"stroke":"#000","fill":"#FFF7D0"},"label":{"fontSize":16,"fill":"#000","text":"Auditar Contas","textWrap":{"width":200,"height":null,"ellipsis":false,"breakWord":true}}},"position":{"x":290,"y":570},"size":{"width":134.75,"height":43},"angle":0,"id":"e034c431-8e4a-458c-8df5-3e134d1370b1","z":3},{"type":"standard.Link","attrs":{"line":{"targetMarker":{"d":""}}},"source":{"id":"ebc744f2-0aca-41f8-a419-fd153f072a89"},"target":{"id":"6c528efb-4683-4b67-b62e-84e4663adecc"},"id":"a5e5131b-cb37-4585-820f-71ceec1843a6","z":4},{"type":"standard.Link","attrs":{"line":{"targetMarker":{"d":""}}},"source":{"id":"ebc744f2-0aca-41f8-a419-fd153f072a89"},"target":{"id":"e034c431-8e4a-458c-8df5-3e134d1370b1"},"id":"75f089d4-152a-4f17-80e2-7d3924729c14","z":5},{"type":"custom.Extend","attrs":{"line":{"strokeDasharray":"5,5"}},"source":{"id":"6c528efb-4683-4b67-b62e-84e4663adecc"},"target":{"id":"e034c431-8e4a-458c-8df5-3e134d1370b1"},"id":"e302d4c3-e266-49f0-9353-de4f3b4af8cc","labels":[{"attrs":{"text":{"text":"<<extend>>","fontSize":14,"fill":"#000"},"rect":{"fill":"#fff","stroke":"#000","strokeWidth":0}},"position":{"distance":0.5}}],"z":6},{"type":"custom.Actor","attrs":{"label":{"text":"CFO"}},"position":{"x":704,"y":546.3125},"size":{"width":48,"height":86},"angle":0,"id":"205d9dda-cca0-479c-955e-9857768878de","z":7},{"type":"custom.UseCase","attrs":{"body":{"stroke":"#000","fill":"#FFF7D0"},"label":{"fontSize":16,"fill":"#000","text":"Aprovar Relatorios","textWrap":{"width":200,"height":null,"ellipsis":false,"breakWord":true}}},"position":{"x":330,"y":670},"size":{"width":156.859375,"height":43},"angle":0,"id":"2686ecf0-b141-4734-bfb2-35e2d3027345","z":8},{"type":"custom.UseCase","attrs":{"body":{"stroke":"#000","fill":"#FFF7D0"},"label":{"fontSize":16,"fill":"#000","text":"Publicar Resultados","textWrap":{"width":200,"height":null,"ellipsis":false,"breakWord":true}}},"position":{"x":500,"y":750},"size":{"width":166.09375,"height":43},"angle":0,"id":"7a5915fc-e89e-4e4e-a496-2f168216da9a","z":9},{"type":"custom.UseCase","attrs":{"body":{"stroke":"#000","fill":"#FFF7D0"},"label":{"fontSize":16,"fill":"#000","text":"Enviar Comunicados ao Mercado","textWrap":{"width":200,"height":null,"ellipsis":false,"breakWord":true}}},"position":{"x":630,"y":870},"size":{"width":232,"height":60},"angle":0,"id":"d89de361-aaaf-408b-bbad-c750e3cd5986","z":10},{"type":"standard.Link","attrs":{"line":{"targetMarker":{"d":""}}},"source":{"id":"205d9dda-cca0-479c-955e-9857768878de"},"target":{"id":"2686ecf0-b141-4734-bfb2-35e2d3027345"},"id":"83bb4927-4ab0-4754-bf2f-1ff92b06ee1d","z":11},{"type":"standard.Link","attrs":{"line":{"targetMarker":{"d":""}}},"source":{"id":"205d9dda-cca0-479c-955e-9857768878de"},"target":{"id":"7a5915fc-e89e-4e4e-a496-2f168216da9a"},"id":"63b1be31-900b-4eaa-8018-29c4abe793cb","z":12},{"type":"standard.Link","attrs":{"line":{"targetMarker":{"d":""}}},"source":{"id":"205d9dda-cca0-479c-955e-9857768878de"},"target":{"id":"d89de361-aaaf-408b-bbad-c750e3cd5986"},"id":"c582d342-2a34-4ebc-876a-6bb2d65e578a","z":13},{"type":"custom.UseCase","attrs":{"body":{"stroke":"#000","fill":"#FFF7D0"},"label":{"fontSize":16,"fill":"#000","text":"Distribuir Dividendos","textWrap":{"width":200,"height":null,"ellipsis":false,"breakWord":true}}},"position":{"x":50,"y":820},"size":{"width":170.6875,"height":43},"angle":0,"id":"3c7cb252-173b-470a-9de0-b3033bff88bc","z":16},{"type":"custom.Actor","attrs":{"label":{"text":"Conselho"}},"position":{"x":70,"y":580},"size":{"width":48,"height":86},"angle":0,"id":"a22363fd-2c48-4675-859b-32a96fdb7f7f","z":18},{"type":"custom.UseCase","attrs":{"body":{"stroke":"#000","fill":"#FFF7D0"},"label":{"fontSize":16,"fill":"#000","text":"Tomar Decisões","textWrap":{"width":200,"height":null,"ellipsis":false,"breakWord":true}}},"position":{"x":140,"y":720},"size":{"width":142.984375,"height":43},"angle":0,"id":"fd7ddb85-e8bf-4dee-9776-19565f60703f","z":19},{"type":"standard.Link","attrs":{"line":{"targetMarker":{"d":""}}},"source":{"id":"a22363fd-2c48-4675-859b-32a96fdb7f7f"},"target":{"id":"fd7ddb85-e8bf-4dee-9776-19565f60703f"},"id":"d9c4c273-6ca6-47fd-a7f0-aec2d54ff711","z":20},{"type":"standard.Link","attrs":{"line":{"targetMarker":{"d":""}}},"source":{"id":"a22363fd-2c48-4675-859b-32a96fdb7f7f"},"target":{"id":"2686ecf0-b141-4734-bfb2-35e2d3027345"},"id":"b4d65fd5-42a8-4131-ad59-941cf871eef1","z":21},{"type":"standard.Link","attrs":{"line":{"targetMarker":{"d":""}}},"source":{"id":"a22363fd-2c48-4675-859b-32a96fdb7f7f"},"target":{"id":"3c7cb252-173b-470a-9de0-b3033bff88bc"},"id":"e000d58b-e277-433a-b8d4-6a57c7ada323","z":22},{"type":"custom.Include","attrs":{"line":{"strokeDasharray":"2.2"}},"source":{"id":"2686ecf0-b141-4734-bfb2-35e2d3027345"},"target":{"id":"7a5915fc-e89e-4e4e-a496-2f168216da9a"},"id":"2205d6db-e959-4eeb-9ab2-e0a343c22d3e","labels":[{"attrs":{"text":{"text":"<<include>>","fontSize":14,"fill":"#000"},"rect":{"fill":"#fff","stroke":"#000","strokeWidth":0}},"position":{"distance":0.5}}],"z":23},{"type":"custom.Include","attrs":{"line":{"strokeDasharray":"2.2"}},"source":{"id":"7a5915fc-e89e-4e4e-a496-2f168216da9a"},"target":{"id":"d89de361-aaaf-408b-bbad-c750e3cd5986"},"id":"5d0e9caa-e795-4a57-8fc0-6be9fbd27a11","labels":[{"attrs":{"text":{"text":"<<include>>","fontSize":14,"fill":"#000"},"rect":{"fill":"#fff","stroke":"#000","strokeWidth":0}},"position":{"distance":0.5}}],"z":24},{"type":"custom.Include","attrs":{"line":{"strokeDasharray":"2.2"}},"source":{"id":"e034c431-8e4a-458c-8df5-3e134d1370b1"},"target":{"id":"2686ecf0-b141-4734-bfb2-35e2d3027345"},"id":"974f634e-df08-4056-be39-41cced6df3b0","labels":[{"attrs":{"text":{"text":"<<include>>","fontSize":14,"fill":"#000"},"rect":{"fill":"#fff","stroke":"#000","strokeWidth":0}},"position":{"distance":0.5}}],"z":25}]}
20	{"cells":[{"type":"custom.Class","attrs":{"title":{"text":"NucleoERP"},"attrsText":{"text":"- modulos: Modulo"},"opsText":{"text":"+ sincronizardados(): void"}},"position":{"x":238.171875,"y":12.875},"size":{"width":220,"height":104},"angle":0,"id":"12e9bba4-8f18-419f-801b-f331e4140ea0","z":1},{"type":"custom.Class","attrs":{"title":{"text":"ModuloFinanceiro"},"attrsText":{"text":"- contas: Conta"},"opsText":{"text":"+ gerarRelatorio(): string"}},"position":{"x":30,"y":200},"size":{"width":220,"height":104},"angle":0,"id":"96f26864-df9a-42a5-a3a7-0d408985bbf8","z":2},{"type":"custom.Class","attrs":{"title":{"text":"ModuloRH"},"attrsText":{"text":"- funcionarios: Funcionario"},"opsText":{"text":"+ calcularSalarios(): void"}},"position":{"x":470,"y":190},"size":{"width":220,"height":104},"angle":0,"id":"2dfe2e9a-0f60-4e09-b594-a9e9da5a5045","z":3},{"type":"custom.Aggregation","attrs":{"line":{"targetMarker":{"type":"image","xlink:href":"/assets/uml-svg/aggregation.png","width":24,"height":24,"y":-12},"strokeDasharray":"none"}},"source":{"id":"96f26864-df9a-42a5-a3a7-0d408985bbf8"},"target":{"id":"12e9bba4-8f18-419f-801b-f331e4140ea0"},"id":"48bdce7a-38cd-4ab9-9570-1d8a6afa7788","labels":[{"attrs":{"text":{"text":"*","fontSize":12,"fill":"#333"},"rect":{"fill":"transparent","stroke":"none"}},"position":{"distance":0.1,"offset":-10}},{"attrs":{"text":{"text":"1","fontSize":12,"fill":"#333"},"rect":{"fill":"transparent","stroke":"none"}},"position":{"distance":0.9,"offset":-10}}],"z":4,"uml":{"targetMultiplicity":"1","sourceMultiplicity":"*"}},{"type":"custom.Aggregation","attrs":{"line":{"targetMarker":{"type":"image","xlink:href":"/assets/uml-svg/aggregation.png","width":24,"height":24,"y":-12},"strokeDasharray":"none"}},"source":{"id":"2dfe2e9a-0f60-4e09-b594-a9e9da5a5045"},"target":{"id":"12e9bba4-8f18-419f-801b-f331e4140ea0"},"id":"02bfc119-fa83-4359-8d6b-3ab0b5d97c12","labels":[{"attrs":{"text":{"text":"*","fontSize":12,"fill":"#333"},"rect":{"fill":"transparent","stroke":"none"}},"position":{"distance":0.1,"offset":-10}},{"attrs":{"text":{"text":"1","fontSize":12,"fill":"#333"},"rect":{"fill":"transparent","stroke":"none"}},"position":{"distance":0.9,"offset":-10}}],"z":5,"uml":{"targetMultiplicity":"1","sourceMultiplicity":"*"}}]}
22	{"cells":[{"type":"custom.Actor","attrs":{"label":{"text":"Presidente"}},"position":{"x":610,"y":60},"size":{"width":48,"height":86},"angle":0,"id":"3922560b-6e57-4b31-b0a1-6b00bcbe602d","z":1},{"type":"custom.UseCase","attrs":{"body":{"stroke":"#000","fill":"#FFF7D0"},"label":{"fontSize":16,"fill":"#000","text":"Definir Metas","textWrap":{"width":200,"height":null,"ellipsis":false,"breakWord":true}}},"position":{"x":710,"y":100},"size":{"width":124.796875,"height":43},"angle":0,"id":"8e9b05dc-4f95-4ca1-a5bf-fd097c8e25aa","z":3},{"type":"standard.Link","attrs":{"line":{"targetMarker":{"d":""}}},"source":{"id":"3922560b-6e57-4b31-b0a1-6b00bcbe602d"},"target":{"id":"8e9b05dc-4f95-4ca1-a5bf-fd097c8e25aa"},"id":"6d6aee67-cb55-4608-a244-8bf4071e1c54","z":5},{"type":"custom.UseCase","attrs":{"body":{"stroke":"#000","fill":"#FFF7D0"},"label":{"fontSize":16,"fill":"#000","text":"Analisar Desempenho","textWrap":{"width":200,"height":null,"ellipsis":false,"breakWord":true}}},"position":{"x":140,"y":20},"size":{"width":178.609375,"height":43},"angle":0,"id":"b0405908-92df-4df0-b979-9083ec0645c2","z":6},{"type":"custom.UseCase","attrs":{"body":{"stroke":"#000","fill":"#FFF7D0"},"label":{"fontSize":16,"fill":"#000","text":"Relatar Resultados","textWrap":{"width":200,"height":null,"ellipsis":false,"breakWord":true}}},"position":{"x":688,"y":25.09375},"size":{"width":159.1875,"height":43},"angle":0,"id":"d27871b0-3439-443a-abae-39b2cd9ab439","z":7},{"type":"custom.Include","attrs":{"line":{"strokeDasharray":"2.2"}},"source":{"id":"b0405908-92df-4df0-b979-9083ec0645c2"},"target":{"id":"d27871b0-3439-443a-abae-39b2cd9ab439"},"id":"62441aad-c238-4fc2-97ff-15d55ebff25c","labels":[{"attrs":{"text":{"text":"<<include>>","fontSize":14,"fill":"#000"},"rect":{"fill":"#fff","stroke":"#000","strokeWidth":0}},"position":{"distance":0.5}}],"z":8},{"type":"standard.Link","attrs":{"line":{"targetMarker":{"d":""}}},"source":{"id":"3922560b-6e57-4b31-b0a1-6b00bcbe602d"},"target":{"id":"d27871b0-3439-443a-abae-39b2cd9ab439"},"id":"2e0fcbac-da59-469b-963a-93ced82f7c56","z":9},{"type":"custom.Actor","attrs":{"label":{"text":"Gerente"}},"position":{"x":60,"y":100},"size":{"width":48,"height":86},"angle":0,"id":"398419d4-d068-4794-b3b2-dcf0855416b9","z":10},{"type":"custom.UseCase","attrs":{"body":{"stroke":"#000","fill":"#FFF7D0"},"label":{"fontSize":16,"fill":"#000","text":"Tomar Decisões Críticas","textWrap":{"width":200,"height":null,"ellipsis":false,"breakWord":true}}},"position":{"x":230,"y":110},"size":{"width":193.921875,"height":43},"angle":0,"id":"2653a24c-0e68-49c9-9647-0a76187f5f56","z":11},{"type":"custom.UseCase","attrs":{"body":{"stroke":"#000","fill":"#FFF7D0"},"label":{"fontSize":16,"fill":"#000","text":"Gerenciar Equipe","textWrap":{"width":200,"height":null,"ellipsis":false,"breakWord":true}}},"position":{"x":260,"y":180},"size":{"width":147.5,"height":43},"angle":0,"id":"a021a746-295c-4dcf-b556-abb7cbaa2525","z":12},{"type":"custom.UseCase","attrs":{"body":{"stroke":"#000","fill":"#FFF7D0"},"label":{"fontSize":16,"fill":"#000","text":"Conciliar Vida Pessoal","textWrap":{"width":200,"height":null,"ellipsis":false,"breakWord":true}}},"position":{"x":220,"y":270},"size":{"width":181.125,"height":43},"angle":0,"id":"e2537e30-6014-4579-816d-1264cd20c85e","z":13},{"type":"standard.Link","attrs":{"line":{"targetMarker":{"d":""}}},"source":{"id":"398419d4-d068-4794-b3b2-dcf0855416b9"},"target":{"id":"b0405908-92df-4df0-b979-9083ec0645c2"},"id":"a78e0dc9-681b-45ab-ba9a-306b979412c8","z":14},{"type":"standard.Link","attrs":{"line":{"targetMarker":{"d":""}}},"source":{"id":"398419d4-d068-4794-b3b2-dcf0855416b9"},"target":{"id":"2653a24c-0e68-49c9-9647-0a76187f5f56"},"id":"2354b8d5-776b-48b8-a011-939c039491f8","z":15},{"type":"standard.Link","attrs":{"line":{"targetMarker":{"d":""}}},"source":{"id":"398419d4-d068-4794-b3b2-dcf0855416b9"},"target":{"id":"a021a746-295c-4dcf-b556-abb7cbaa2525"},"id":"a3ad0fdf-53fd-490a-b55b-21d2161516f7","z":16},{"type":"standard.Link","attrs":{"line":{"targetMarker":{"d":""}}},"source":{"id":"398419d4-d068-4794-b3b2-dcf0855416b9"},"target":{"id":"e2537e30-6014-4579-816d-1264cd20c85e"},"id":"38ab31e3-278c-4c08-b804-d52b13fd77c2","z":17},{"type":"custom.Actor","attrs":{"label":{"text":"Familia"}},"position":{"x":70,"y":270},"size":{"width":48,"height":86},"angle":0,"id":"08ad300a-8bb0-41bc-b96a-a6ff3f8822cb","z":18},{"type":"standard.Link","attrs":{"line":{"targetMarker":{"d":""}}},"source":{"id":"08ad300a-8bb0-41bc-b96a-a6ff3f8822cb"},"target":{"id":"e2537e30-6014-4579-816d-1264cd20c85e"},"id":"17635205-ed2d-4fb8-86b8-409f1a05b21b","z":19},{"type":"custom.UseCase","attrs":{"body":{"stroke":"#000","fill":"#FFF7D0"},"label":{"fontSize":16,"fill":"#000","text":"Monitorar Extresse","textWrap":{"width":200,"height":null,"ellipsis":false,"breakWord":true}}},"position":{"x":560,"y":260},"size":{"width":159.46875,"height":43},"angle":0,"id":"a6cf6e7a-8205-42b0-bf86-440d3b8968be","z":20},{"type":"custom.UseCase","attrs":{"body":{"stroke":"#000","fill":"#FFF7D0"},"label":{"fontSize":16,"fill":"#000","text":"Solicitar Suporte Psicológico","textWrap":{"width":200,"height":null,"ellipsis":false,"breakWord":true}}},"position":{"x":560,"y":360},"size":{"width":221.4375,"height":43},"angle":0,"id":"dd53d4fb-7765-4ec7-9956-1994b140c3ad","z":21},{"type":"custom.Actor","attrs":{"label":{"text":"Sistema de RH"}},"position":{"x":380,"y":350},"size":{"width":48,"height":86},"angle":0,"id":"5f8428b7-45c5-4cee-882b-6d0577d736b8","z":22},{"type":"standard.Link","attrs":{"line":{"targetMarker":{"d":""}}},"source":{"id":"5f8428b7-45c5-4cee-882b-6d0577d736b8"},"target":{"id":"a6cf6e7a-8205-42b0-bf86-440d3b8968be"},"id":"2fd7e6bd-81ce-4ea1-a377-10b7f3051f2b","z":23},{"type":"standard.Link","attrs":{"line":{"targetMarker":{"d":""}}},"source":{"id":"5f8428b7-45c5-4cee-882b-6d0577d736b8"},"target":{"id":"dd53d4fb-7765-4ec7-9956-1994b140c3ad"},"id":"bedd5ee7-bdf4-4af3-8f47-287dc521036f","z":24},{"type":"custom.Extend","attrs":{"line":{"strokeDasharray":"5,5"}},"source":{"id":"e2537e30-6014-4579-816d-1264cd20c85e"},"target":{"id":"a6cf6e7a-8205-42b0-bf86-440d3b8968be"},"id":"89bb8812-d049-420b-a462-8da647bc0cdb","labels":[{"attrs":{"text":{"text":"<<extend>>","fontSize":14,"fill":"#000"},"rect":{"fill":"#fff","stroke":"#000","strokeWidth":0}},"position":{"distance":0.5}}],"z":25},{"type":"custom.Include","attrs":{"line":{"strokeDasharray":"2.2"}},"source":{"id":"2653a24c-0e68-49c9-9647-0a76187f5f56"},"target":{"id":"a6cf6e7a-8205-42b0-bf86-440d3b8968be"},"id":"929e2533-9432-4b01-a487-8f8f68108746","labels":[{"attrs":{"text":{"text":"<<include>>","fontSize":14,"fill":"#000"},"rect":{"fill":"#fff","stroke":"#000","strokeWidth":0}},"position":{"distance":0.5}}],"z":26}]}
15	{"cells":[{"type":"custom.Actor","attrs":{"label":{"text":"Usuário"}},"position":{"x":60,"y":20},"size":{"width":48,"height":86},"angle":0,"id":"c70f9af6-1b66-4678-8733-b661a412eb1e","z":1},{"type":"custom.UseCase","attrs":{"body":{"stroke":"#000","fill":"#FFF7D0"},"label":{"fontSize":16,"fill":"#000","text":"Criar Usuario","textWrap":{"width":200,"height":null,"ellipsis":false,"breakWord":true}}},"position":{"x":190,"y":40},"size":{"width":122.875,"height":43},"angle":0,"id":"c85dec20-0439-4958-b506-cb0a6a91c2dd","z":2},{"type":"custom.UseCase","attrs":{"body":{"stroke":"#000","fill":"#FFF7D0"},"label":{"fontSize":16,"fill":"#000","text":"Criar Projeto","textWrap":{"width":200,"height":null,"ellipsis":false,"breakWord":true}}},"position":{"x":212,"y":138.53125},"size":{"width":120.15625,"height":43},"angle":0,"id":"84d470d6-ea3e-48ed-b5a8-3ceb23dfcf3a","z":3},{"type":"custom.UseCase","attrs":{"body":{"stroke":"#000","fill":"#FFF7D0"},"label":{"fontSize":16,"fill":"#000","text":"Acessar Projetos","textWrap":{"width":200,"height":null,"ellipsis":false,"breakWord":true}}},"position":{"x":70,"y":210},"size":{"width":148.03125,"height":43},"angle":0,"id":"addde4da-a3c3-4c7d-9f1c-f5d1a8249525","z":4},{"type":"standard.Link","attrs":{"line":{"targetMarker":{"d":""}}},"source":{"id":"c70f9af6-1b66-4678-8733-b661a412eb1e"},"target":{"id":"c85dec20-0439-4958-b506-cb0a6a91c2dd"},"id":"e0462d5b-b9f9-4f4b-914e-90dd6a1b9c18","z":5},{"type":"standard.Link","attrs":{"line":{"targetMarker":{"d":""}}},"source":{"id":"c70f9af6-1b66-4678-8733-b661a412eb1e"},"target":{"id":"84d470d6-ea3e-48ed-b5a8-3ceb23dfcf3a"},"id":"222118ae-5629-4621-94e8-90e1e47ef4b3","z":6},{"type":"standard.Link","attrs":{"line":{"targetMarker":{"d":""}}},"source":{"id":"c70f9af6-1b66-4678-8733-b661a412eb1e"},"target":{"id":"addde4da-a3c3-4c7d-9f1c-f5d1a8249525"},"id":"3b88a43b-133b-428d-9280-64a3322fe34e","z":7},{"type":"custom.Actor","attrs":{"label":{"text":"Administrador"}},"position":{"x":650,"y":0},"size":{"width":48,"height":86},"angle":0,"id":"d19c4cac-4030-40a7-a283-202f123fe3cf","z":8},{"type":"custom.UseCase","attrs":{"body":{"stroke":"#000","fill":"#FFF7D0"},"label":{"fontSize":16,"fill":"#000","text":"Criar Tenant","textWrap":{"width":200,"height":null,"ellipsis":false,"breakWord":true}}},"position":{"x":770,"y":50},"size":{"width":120.15625,"height":43},"angle":0,"id":"8f31bdce-6a3e-4ac5-b8ab-9e5fffc99d12","z":9},{"type":"custom.UseCase","attrs":{"body":{"stroke":"#000","fill":"#FFF7D0"},"label":{"fontSize":16,"fill":"#000","text":"Auditar Tenant","textWrap":{"width":200,"height":null,"ellipsis":false,"breakWord":true}}},"position":{"x":750,"y":190},"size":{"width":132.984375,"height":43},"angle":0,"id":"00ae6c5a-2fa9-4b46-9e28-352c4ca9db5c","z":10},{"type":"standard.Link","attrs":{"line":{"targetMarker":{"d":""}}},"source":{"id":"d19c4cac-4030-40a7-a283-202f123fe3cf"},"target":{"id":"8f31bdce-6a3e-4ac5-b8ab-9e5fffc99d12"},"id":"5733fe55-a04a-48ee-8d84-6e4a52340c93","z":11},{"type":"custom.UseCase","attrs":{"body":{"stroke":"#000","fill":"#FFF7D0"},"label":{"fontSize":16,"fill":"#000","text":"Configurar Idioma e Moeda","textWrap":{"width":200,"height":null,"ellipsis":false,"breakWord":true}}},"position":{"x":450,"y":180},"size":{"width":210.96875,"height":43},"angle":0,"id":"f769a5c5-f0db-4d64-a980-367542bd19a0","z":12},{"type":"custom.Include","attrs":{"line":{"strokeDasharray":"2.2"}},"source":{"id":"f769a5c5-f0db-4d64-a980-367542bd19a0"},"target":{"id":"84d470d6-ea3e-48ed-b5a8-3ceb23dfcf3a"},"id":"8bf4c794-125a-4f18-85e2-daaee488ac48","labels":[{"attrs":{"text":{"text":"<<include>>","fontSize":14,"fill":"#000"},"rect":{"fill":"#fff","stroke":"#000","strokeWidth":0}},"position":{"distance":0.5}}],"z":13},{"type":"custom.Include","attrs":{"line":{"strokeDasharray":"2.2"}},"source":{"id":"f769a5c5-f0db-4d64-a980-367542bd19a0"},"target":{"id":"c85dec20-0439-4958-b506-cb0a6a91c2dd"},"id":"4e9a768d-ca31-4e49-90c4-d66701662396","labels":[{"attrs":{"text":{"text":"<<include>>","fontSize":14,"fill":"#000"},"rect":{"fill":"#fff","stroke":"#000","strokeWidth":0}},"position":{"distance":0.5}}],"z":14},{"type":"custom.UseCase","attrs":{"body":{"stroke":"#000","fill":"#FFF7D0"},"label":{"fontSize":16,"fill":"#000","text":"Gerenciar Permissões","textWrap":{"width":200,"height":null,"ellipsis":false,"breakWord":true}}},"position":{"x":440,"y":40},"size":{"width":178.984375,"height":43},"angle":0,"id":"2839af15-a414-4e4f-9c02-15015bd4bca3","z":15},{"type":"standard.Link","attrs":{"line":{"targetMarker":{"d":""}}},"source":{"id":"d19c4cac-4030-40a7-a283-202f123fe3cf"},"target":{"id":"2839af15-a414-4e4f-9c02-15015bd4bca3"},"id":"1bedef79-a5a0-42e2-8e84-71c2108f944c","z":16},{"type":"standard.Link","attrs":{"line":{"targetMarker":{"d":""}}},"source":{"id":"d19c4cac-4030-40a7-a283-202f123fe3cf"},"target":{"id":"f769a5c5-f0db-4d64-a980-367542bd19a0"},"id":"ec116202-7a0c-4556-afa0-bf1b7a46216c","z":17},{"type":"custom.Extend","attrs":{"line":{"strokeDasharray":"5,5"}},"source":{"id":"2839af15-a414-4e4f-9c02-15015bd4bca3"},"target":{"id":"c85dec20-0439-4958-b506-cb0a6a91c2dd"},"id":"656be464-ed84-4e5e-88bc-cd4be3fdee83","labels":[{"attrs":{"text":{"text":"<<extend>>","fontSize":14,"fill":"#000"},"rect":{"fill":"#fff","stroke":"#000","strokeWidth":0}},"position":{"distance":0.5}}],"z":18},{"type":"custom.Include","attrs":{"line":{"strokeDasharray":"2.2"}},"source":{"id":"8f31bdce-6a3e-4ac5-b8ab-9e5fffc99d12"},"target":{"id":"00ae6c5a-2fa9-4b46-9e28-352c4ca9db5c"},"id":"ac6e1421-db68-462a-a045-559fc10889ae","labels":[{"attrs":{"text":{"text":"<<include>>","fontSize":14,"fill":"#000"},"rect":{"fill":"#fff","stroke":"#000","strokeWidth":0}},"position":{"distance":0.5}}],"z":19},{"type":"custom.Actor","attrs":{"label":{"text":"Auditor"}},"position":{"x":810,"y":290},"size":{"width":48,"height":86},"angle":0,"id":"000308db-dcd1-47a1-9945-b5f07c0af005","z":20},{"type":"standard.Link","attrs":{"line":{"targetMarker":{"d":""}}},"source":{"id":"000308db-dcd1-47a1-9945-b5f07c0af005"},"target":{"id":"00ae6c5a-2fa9-4b46-9e28-352c4ca9db5c"},"id":"bd52b921-3f84-48cf-8298-b409b6f0f07d","z":21},{"type":"custom.UseCase","attrs":{"body":{"stroke":"#000","fill":"#FFF7D0"},"label":{"fontSize":16,"fill":"#000","text":"Sincronizar Configurações","textWrap":{"width":200,"height":null,"ellipsis":false,"breakWord":true}}},"position":{"x":380,"y":290},"size":{"width":205.5,"height":43},"angle":0,"id":"1c1873d9-6b70-41c8-95ce-e4775b9e7739","z":22},{"type":"custom.Include","attrs":{"line":{"strokeDasharray":"2.2"}},"source":{"id":"f769a5c5-f0db-4d64-a980-367542bd19a0"},"target":{"id":"1c1873d9-6b70-41c8-95ce-e4775b9e7739"},"id":"18f0bfdc-316a-4f9b-ad65-ae1a77351467","labels":[{"attrs":{"text":{"text":"<<include>>","fontSize":14,"fill":"#000"},"rect":{"fill":"#fff","stroke":"#000","strokeWidth":0}},"position":{"distance":0.5}}],"z":23},{"type":"custom.Include","attrs":{"line":{"strokeDasharray":"2.2"}},"source":{"id":"1c1873d9-6b70-41c8-95ce-e4775b9e7739"},"target":{"id":"addde4da-a3c3-4c7d-9f1c-f5d1a8249525"},"id":"92822d4d-2942-42c8-9aa2-db2c5f5d7fa9","labels":[{"attrs":{"text":{"text":"<<include>>","fontSize":14,"fill":"#000"},"rect":{"fill":"#fff","stroke":"#000","strokeWidth":0}},"position":{"distance":0.5}}],"z":24},{"type":"custom.Actor","attrs":{"label":{"text":"Sistema"}},"position":{"x":310,"y":379.53125},"size":{"width":48,"height":86},"angle":0,"id":"5a15e5a4-9159-47a6-8a9d-b058f2179a16","z":25},{"type":"custom.Actor","attrs":{"label":{"text":"EquipeTI"}},"position":{"x":506,"y":364.53125},"size":{"width":48,"height":86},"angle":0,"id":"afc2bc70-6f74-4745-a7e9-76be766b72fe","z":26},{"type":"standard.Link","attrs":{"line":{"targetMarker":{"d":""}}},"source":{"id":"afc2bc70-6f74-4745-a7e9-76be766b72fe"},"target":{"id":"1c1873d9-6b70-41c8-95ce-e4775b9e7739"},"id":"6f52922b-e33f-4e9d-a83e-8e99bb7c1ae7","z":27},{"type":"standard.Link","attrs":{"line":{"targetMarker":{"d":""}}},"source":{"id":"5a15e5a4-9159-47a6-8a9d-b058f2179a16"},"target":{"id":"1c1873d9-6b70-41c8-95ce-e4775b9e7739"},"id":"bd2f2f1c-e5f2-4dc7-83c1-018d03320fd2","z":28}]}
18	{"cells":[{"type":"custom.Actor","attrs":{"label":{"text":"EquipeSeguranca"}},"position":{"x":70,"y":40},"size":{"width":48,"height":86},"angle":0,"id":"3e287407-7164-4a72-b647-5f4cfd573b45","z":1},{"type":"custom.UseCase","attrs":{"body":{"stroke":"#000","fill":"#FFF7D0"},"label":{"fontSize":16,"fill":"#000","text":"Revogar Acesso","textWrap":{"width":200,"height":null,"ellipsis":false,"breakWord":true}}},"position":{"x":270,"y":30},"size":{"width":142.640625,"height":43},"angle":0,"id":"4e1a74d4-a1e7-4386-80ae-d98ce2c25e97","z":2},{"type":"custom.UseCase","attrs":{"body":{"stroke":"#000","fill":"#FFF7D0"},"label":{"fontSize":16,"fill":"#000","text":"Registrar Auditoria","textWrap":{"width":200,"height":null,"ellipsis":false,"breakWord":true}}},"position":{"x":540,"y":70},"size":{"width":157.703125,"height":43},"angle":0,"id":"12647539-5aae-42ee-89f4-2d700d2012e3","z":3},{"type":"standard.Link","attrs":{"line":{"targetMarker":{"d":""}}},"source":{"id":"3e287407-7164-4a72-b647-5f4cfd573b45"},"target":{"id":"4e1a74d4-a1e7-4386-80ae-d98ce2c25e97"},"id":"cc4464f1-9f6e-4e21-977f-64edaa5853fb","z":4},{"type":"standard.Link","attrs":{"line":{"targetMarker":{"d":""}}},"source":{"id":"3e287407-7164-4a72-b647-5f4cfd573b45"},"target":{"id":"12647539-5aae-42ee-89f4-2d700d2012e3"},"id":"0c471e8a-f623-46cd-9623-65f9a0855996","z":5},{"type":"custom.Extend","attrs":{"line":{"strokeDasharray":"5,5"}},"source":{"id":"4e1a74d4-a1e7-4386-80ae-d98ce2c25e97"},"target":{"id":"12647539-5aae-42ee-89f4-2d700d2012e3"},"id":"0005c986-228d-40fe-a7b1-ca661e8691af","labels":[{"attrs":{"text":{"text":"<<extend>>","fontSize":14,"fill":"#000"},"rect":{"fill":"#fff","stroke":"#000","strokeWidth":0}},"position":{"distance":0.5}}],"z":6},{"type":"custom.Actor","attrs":{"label":{"text":"APIGateway"}},"position":{"x":70,"y":210},"size":{"width":48,"height":86},"angle":0,"id":"cd7500f9-db2e-4aaa-bbfe-a44744007582","z":7},{"type":"custom.Actor","attrs":{"label":{"text":"Parceiro"}},"position":{"x":60,"y":400},"size":{"width":48,"height":86},"angle":0,"id":"a950e716-9005-4d0d-a80d-d9c1ad838d35","z":8},{"type":"custom.UseCase","attrs":{"body":{"stroke":"#000","fill":"#FFF7D0"},"label":{"fontSize":16,"fill":"#000","text":"Sicronizar Dispositivos","textWrap":{"width":200,"height":null,"ellipsis":false,"breakWord":true}}},"position":{"x":200,"y":330},"size":{"width":183.71875,"height":43},"angle":0,"id":"c99b1b3d-2cfb-4fd2-a7fd-ddad43889d45","z":9},{"type":"custom.UseCase","attrs":{"body":{"stroke":"#000","fill":"#FFF7D0"},"label":{"fontSize":16,"fill":"#000","text":"Autenticar API","textWrap":{"width":200,"height":null,"ellipsis":false,"breakWord":true}}},"position":{"x":430,"y":220},"size":{"width":131.4375,"height":43},"angle":0,"id":"dcc4755e-55d7-4fe4-af57-b4c66ed2c7bd","z":10},{"type":"custom.UseCase","attrs":{"body":{"stroke":"#000","fill":"#FFF7D0"},"label":{"fontSize":16,"fill":"#000","text":"Solicitar Acesso","textWrap":{"width":200,"height":null,"ellipsis":false,"breakWord":true}}},"position":{"x":420,"y":440},"size":{"width":142.578125,"height":43},"angle":0,"id":"36f2ac08-a7a2-440c-bf24-54fbfd210462","z":11},{"type":"standard.Link","attrs":{"line":{"targetMarker":{"d":""}}},"source":{"id":"a950e716-9005-4d0d-a80d-d9c1ad838d35"},"target":{"id":"36f2ac08-a7a2-440c-bf24-54fbfd210462"},"id":"d9ee1730-5f30-40b9-847f-d7cb8d1ad9f1","z":12},{"type":"standard.Link","attrs":{"line":{"targetMarker":{"d":""}}},"source":{"id":"a950e716-9005-4d0d-a80d-d9c1ad838d35"},"target":{"id":"c99b1b3d-2cfb-4fd2-a7fd-ddad43889d45"},"id":"ce75fb90-f873-4ddc-8536-f0ba50cf6aaf","z":13},{"type":"standard.Link","attrs":{"line":{"targetMarker":{"d":""}}},"source":{"id":"cd7500f9-db2e-4aaa-bbfe-a44744007582"},"target":{"id":"c99b1b3d-2cfb-4fd2-a7fd-ddad43889d45"},"id":"1557564f-fca1-4637-b103-9cf3f315ef52","z":14},{"type":"standard.Link","attrs":{"line":{"targetMarker":{"d":""}}},"source":{"id":"cd7500f9-db2e-4aaa-bbfe-a44744007582"},"target":{"id":"dcc4755e-55d7-4fe4-af57-b4c66ed2c7bd"},"id":"bdae543f-6573-4eec-b7fe-d400eec06471","z":15},{"type":"custom.Include","attrs":{"line":{"strokeDasharray":"2.2"}},"source":{"id":"dcc4755e-55d7-4fe4-af57-b4c66ed2c7bd"},"target":{"id":"12647539-5aae-42ee-89f4-2d700d2012e3"},"id":"f82f05e0-152f-4fb9-a26c-7874fe1f3775","labels":[{"attrs":{"text":{"text":"<<include>>","fontSize":14,"fill":"#000"},"rect":{"fill":"#fff","stroke":"#000","strokeWidth":0}},"position":{"distance":0.5}}],"z":16},{"type":"custom.Include","attrs":{"line":{"strokeDasharray":"2.2"}},"source":{"id":"c99b1b3d-2cfb-4fd2-a7fd-ddad43889d45"},"target":{"id":"dcc4755e-55d7-4fe4-af57-b4c66ed2c7bd"},"id":"d14ebaef-7ea0-4dcc-89a9-5c6e40bca870","labels":[{"attrs":{"text":{"text":"<<include>>","fontSize":14,"fill":"#000"},"rect":{"fill":"#fff","stroke":"#000","strokeWidth":0}},"position":{"distance":0.5}}],"z":17},{"type":"custom.Include","attrs":{"line":{"strokeDasharray":"2.2"}},"source":{"id":"36f2ac08-a7a2-440c-bf24-54fbfd210462"},"target":{"id":"dcc4755e-55d7-4fe4-af57-b4c66ed2c7bd"},"id":"0c9a387d-0ed0-4296-bffb-57e9fc870817","labels":[{"attrs":{"text":{"text":"<<include>>","fontSize":14,"fill":"#000"},"rect":{"fill":"#fff","stroke":"#000","strokeWidth":0}},"position":{"distance":0.5}}],"z":18}]}
17	{"cells":[{"type":"custom.Class","attrs":{"title":{"text":"ApiGateway"},"attrsText":{"text":"- rotas: string"}},"position":{"x":340,"y":10},"size":{"width":220,"height":104},"angle":0,"id":"e3ceee45-07c0-4a9d-9bcc-b05dc6304da9","z":1},{"type":"custom.Class","attrs":{"title":{"text":"UserService"},"attrsText":{"text":"- userDB: string"}},"position":{"x":20,"y":140},"size":{"width":220,"height":104},"angle":0,"id":"555f1593-fdd6-46c6-8317-b2782573b42b","z":2},{"type":"custom.Class","attrs":{"title":{"text":"DiagramService"},"attrsText":{"text":"- diagramDB: string"}},"position":{"x":630,"y":130},"size":{"width":220,"height":104},"angle":0,"id":"3b5cb262-4d76-4c2f-a88b-481689a2609a","z":3},{"type":"custom.Class","attrs":{"title":{"text":"Cache"},"attrsText":{"text":"- redis: Redis"}},"position":{"x":340,"y":270},"size":{"width":220,"height":104},"angle":0,"id":"88a54400-ad00-474b-8e1e-6d500e24cf85","z":4},{"type":"standard.Link","attrs":{"line":{"targetMarker":{"d":""}}},"source":{"id":"e3ceee45-07c0-4a9d-9bcc-b05dc6304da9"},"target":{"id":"3b5cb262-4d76-4c2f-a88b-481689a2609a"},"id":"719c2b22-4a73-4201-8ed9-e77d209d9212","z":5,"uml":{"sourceMultiplicity":"1","targetMultiplicity":"1..*"},"labels":[{"attrs":{"text":{"text":"1","fontSize":12,"fill":"#333"},"rect":{"fill":"transparent","stroke":"none"}},"position":{"distance":0.1,"offset":-10}},{"attrs":{"text":{"text":"1..*","fontSize":12,"fill":"#333"},"rect":{"fill":"transparent","stroke":"none"}},"position":{"distance":0.9,"offset":-10}}]},{"type":"standard.Link","attrs":{"line":{"targetMarker":{"d":""}}},"source":{"id":"e3ceee45-07c0-4a9d-9bcc-b05dc6304da9"},"target":{"id":"555f1593-fdd6-46c6-8317-b2782573b42b"},"id":"54560fee-8717-43dd-879b-f625c6008b2f","z":6,"uml":{"sourceMultiplicity":"1","targetMultiplicity":"1..*"},"labels":[{"attrs":{"text":{"text":"1","fontSize":12,"fill":"#333"},"rect":{"fill":"transparent","stroke":"none"}},"position":{"distance":0.1,"offset":-10}},{"attrs":{"text":{"text":"1..*","fontSize":12,"fill":"#333"},"rect":{"fill":"transparent","stroke":"none"}},"position":{"distance":0.9,"offset":-10}}]},{"type":"standard.Link","attrs":{"line":{"targetMarker":{"d":""}}},"source":{"id":"555f1593-fdd6-46c6-8317-b2782573b42b"},"target":{"id":"88a54400-ad00-474b-8e1e-6d500e24cf85"},"id":"5e9a8e3c-f76c-4a66-a885-741148cd034b","z":7,"uml":{"sourceMultiplicity":"1","targetMultiplicity":"0..1"},"labels":[{"attrs":{"text":{"text":"1","fontSize":12,"fill":"#333"},"rect":{"fill":"transparent","stroke":"none"}},"position":{"distance":0.1,"offset":-10}},{"attrs":{"text":{"text":"0..1","fontSize":12,"fill":"#333"},"rect":{"fill":"transparent","stroke":"none"}},"position":{"distance":0.9,"offset":-10}}]},{"type":"standard.Link","attrs":{"line":{"targetMarker":{"d":""}}},"source":{"id":"3b5cb262-4d76-4c2f-a88b-481689a2609a"},"target":{"id":"88a54400-ad00-474b-8e1e-6d500e24cf85"},"id":"e4e3ff19-ffeb-4f18-9a38-5cc29381c8da","z":8,"uml":{"sourceMultiplicity":"1","targetMultiplicity":"0..1"},"labels":[{"attrs":{"text":{"text":"1","fontSize":12,"fill":"#333"},"rect":{"fill":"transparent","stroke":"none"}},"position":{"distance":0.1,"offset":-10}},{"attrs":{"text":{"text":"0..1","fontSize":12,"fill":"#333"},"rect":{"fill":"transparent","stroke":"none"}},"position":{"distance":0.9,"offset":-10}}]}]}
26	{"cells":[{"type":"custom.Actor","attrs":{"label":{"text":"Funcionario"}},"position":{"x":440,"y":10},"size":{"width":48,"height":86},"angle":0,"id":"09831eab-dd16-45ce-89e9-315c160d40c2","z":1},{"type":"custom.UseCase","attrs":{"body":{"stroke":"#000","fill":"#FFF7D0"},"label":{"fontSize":16,"fill":"#000","text":"Registrar Sintomas","textWrap":{"width":200,"height":null,"ellipsis":false,"breakWord":true}}},"position":{"x":40,"y":40},"size":{"width":160.421875,"height":43},"angle":0,"id":"2d2e6b42-583b-405b-95de-11ba79770f03","z":2},{"type":"custom.UseCase","attrs":{"body":{"stroke":"#000","fill":"#FFF7D0"},"label":{"fontSize":16,"fill":"#000","text":"Monitorar Recuperação","textWrap":{"width":200,"height":null,"ellipsis":false,"breakWord":true}}},"position":{"x":410,"y":220},"size":{"width":187.46875,"height":43},"angle":0,"id":"8eb4266e-841e-4c93-a6a5-0183f9d7e2ed","z":3},{"type":"custom.UseCase","attrs":{"body":{"stroke":"#000","fill":"#FFF7D0"},"label":{"fontSize":16,"fill":"#000","text":"Solicitar Afastamento","textWrap":{"width":200,"height":null,"ellipsis":false,"breakWord":true}}},"position":{"x":720,"y":20},"size":{"width":177.15625,"height":43},"angle":0,"id":"e8aacc74-19cf-47f2-bb44-9c0040679a7b","z":4},{"type":"standard.Link","attrs":{"line":{"targetMarker":{"d":""}}},"source":{"id":"09831eab-dd16-45ce-89e9-315c160d40c2"},"target":{"id":"e8aacc74-19cf-47f2-bb44-9c0040679a7b"},"id":"dfaee43a-c39c-4a75-992a-68daba8d2e46","z":5},{"type":"standard.Link","attrs":{"line":{"targetMarker":{"d":""}}},"source":{"id":"09831eab-dd16-45ce-89e9-315c160d40c2"},"target":{"id":"2d2e6b42-583b-405b-95de-11ba79770f03"},"id":"1bf7526c-008c-4110-ba84-70bffb035d53","z":6},{"type":"standard.Link","attrs":{"line":{"targetMarker":{"d":""}}},"source":{"id":"09831eab-dd16-45ce-89e9-315c160d40c2"},"target":{"id":"8eb4266e-841e-4c93-a6a5-0183f9d7e2ed"},"id":"606a5a5d-bdcb-47a0-bf38-230bc9deda1a","z":7},{"type":"custom.UseCase","attrs":{"body":{"stroke":"#000","fill":"#FFF7D0"},"label":{"fontSize":16,"fill":"#000","text":"Avaliar Diagnóstico","textWrap":{"width":200,"height":null,"ellipsis":false,"breakWord":true}}},"position":{"x":58,"y":162.4375},"size":{"width":162.046875,"height":43},"angle":0,"id":"4943170d-550f-4157-8346-c010af8934d1","z":8},{"type":"custom.UseCase","attrs":{"body":{"stroke":"#000","fill":"#FFF7D0"},"label":{"fontSize":16,"fill":"#000","text":"Prescrever Tratamento","textWrap":{"width":200,"height":null,"ellipsis":false,"breakWord":true}}},"position":{"x":70,"y":270},"size":{"width":183.421875,"height":43},"angle":0,"id":"6288f73e-acd1-47c4-a989-aac76c9c3f0a","z":9},{"type":"custom.UseCase","attrs":{"body":{"stroke":"#000","fill":"#FFF7D0"},"label":{"fontSize":16,"fill":"#000","text":"Aplicar Terapias","textWrap":{"width":200,"height":null,"ellipsis":false,"breakWord":true}}},"position":{"x":90,"y":380},"size":{"width":141.984375,"height":43},"angle":0,"id":"da597d93-8464-42c5-90cb-f17d79b3e2e5","z":10},{"type":"custom.UseCase","attrs":{"body":{"stroke":"#000","fill":"#FFF7D0"},"label":{"fontSize":16,"fill":"#000","text":"Prescrever Medicamentos","textWrap":{"width":200,"height":null,"ellipsis":false,"breakWord":true}}},"position":{"x":70,"y":480},"size":{"width":204.6875,"height":43},"angle":0,"id":"ed705aae-3ba6-4628-8da6-9e2a926872df","z":11},{"type":"custom.Actor","attrs":{"label":{"text":"Medico"}},"position":{"x":288,"y":116.4375},"size":{"width":48,"height":86},"angle":0,"id":"ec4b7706-6e76-4150-bc48-68a8c8a29d89","z":12},{"type":"standard.Link","attrs":{"line":{"targetMarker":{"d":""}}},"source":{"id":"ec4b7706-6e76-4150-bc48-68a8c8a29d89"},"target":{"id":"4943170d-550f-4157-8346-c010af8934d1"},"id":"5dd207bc-0466-4bb2-afdc-4983fbb5f2cf","z":13},{"type":"standard.Link","attrs":{"line":{"targetMarker":{"d":""}}},"source":{"id":"ec4b7706-6e76-4150-bc48-68a8c8a29d89"},"target":{"id":"8eb4266e-841e-4c93-a6a5-0183f9d7e2ed"},"id":"7f249d15-6c4b-48f7-9289-91ad3b9c9789","z":14},{"type":"standard.Link","attrs":{"line":{"targetMarker":{"d":""}}},"source":{"id":"ec4b7706-6e76-4150-bc48-68a8c8a29d89"},"target":{"id":"6288f73e-acd1-47c4-a989-aac76c9c3f0a"},"id":"d24750c1-b9d9-414a-94b1-697da742be5d","z":15},{"type":"standard.Link","attrs":{"line":{"targetMarker":{"d":""}}},"source":{"id":"ec4b7706-6e76-4150-bc48-68a8c8a29d89"},"target":{"id":"da597d93-8464-42c5-90cb-f17d79b3e2e5"},"id":"c5914529-8d07-4c9c-9461-0f2a8421e2c2","z":16},{"type":"standard.Link","attrs":{"line":{"targetMarker":{"d":""}}},"source":{"id":"ec4b7706-6e76-4150-bc48-68a8c8a29d89"},"target":{"id":"ed705aae-3ba6-4628-8da6-9e2a926872df"},"id":"67835e18-40c5-4ceb-9544-18cb2a15b659","z":17},{"type":"custom.Include","attrs":{"line":{"strokeDasharray":"2.2"}},"source":{"id":"2d2e6b42-583b-405b-95de-11ba79770f03"},"target":{"id":"4943170d-550f-4157-8346-c010af8934d1"},"id":"4cc4f2a9-1924-4b2b-927a-1b7f490321c8","labels":[{"attrs":{"text":{"text":"<<include>>","fontSize":14,"fill":"#000"},"rect":{"fill":"#fff","stroke":"#000","strokeWidth":0}},"position":{"distance":0.5}}],"z":18},{"type":"custom.Include","attrs":{"line":{"strokeDasharray":"2.2"}},"source":{"id":"4943170d-550f-4157-8346-c010af8934d1"},"target":{"id":"6288f73e-acd1-47c4-a989-aac76c9c3f0a"},"id":"e9403fdb-50bc-49b8-bd9f-54db7ba03ba9","labels":[{"attrs":{"text":{"text":"<<include>>","fontSize":14,"fill":"#000"},"rect":{"fill":"#fff","stroke":"#000","strokeWidth":0}},"position":{"distance":0.5}}],"z":19},{"type":"custom.Include","attrs":{"line":{"strokeDasharray":"2.2"}},"source":{"id":"6288f73e-acd1-47c4-a989-aac76c9c3f0a"},"target":{"id":"da597d93-8464-42c5-90cb-f17d79b3e2e5"},"id":"a285e300-90ce-4d6a-bbfc-348ede4dc79a","labels":[{"attrs":{"text":{"text":"<<include>>","fontSize":14,"fill":"#000"},"rect":{"fill":"#fff","stroke":"#000","strokeWidth":0}},"position":{"distance":0.5}}],"z":20},{"type":"custom.Include","attrs":{"line":{"strokeDasharray":"2.2"}},"source":{"id":"da597d93-8464-42c5-90cb-f17d79b3e2e5"},"target":{"id":"ed705aae-3ba6-4628-8da6-9e2a926872df"},"id":"b63c6dca-1020-44d8-ade5-1c5863388d87","labels":[{"attrs":{"text":{"text":"<<include>>","fontSize":14,"fill":"#000"},"rect":{"fill":"#fff","stroke":"#000","strokeWidth":0}},"position":{"distance":0.5}}],"z":21},{"type":"custom.Actor","attrs":{"label":{"text":"Psicologo"}},"position":{"x":340,"y":290},"size":{"width":48,"height":86},"angle":0,"id":"5c1a73eb-df93-42cc-aa1e-25d11a7dd0f8","z":22},{"type":"standard.Link","attrs":{"line":{"targetMarker":{"d":""}}},"source":{"id":"5c1a73eb-df93-42cc-aa1e-25d11a7dd0f8"},"target":{"id":"8eb4266e-841e-4c93-a6a5-0183f9d7e2ed"},"id":"2e2f4c92-7001-4d2c-be41-ed7975b85e44","z":23},{"type":"standard.Link","attrs":{"line":{"targetMarker":{"d":""}}},"source":{"id":"5c1a73eb-df93-42cc-aa1e-25d11a7dd0f8"},"target":{"id":"ed705aae-3ba6-4628-8da6-9e2a926872df"},"id":"c16075d4-ce4d-434c-a047-b8495165f835","z":24},{"type":"custom.UseCase","attrs":{"body":{"stroke":"#000","fill":"#FFF7D0"},"label":{"fontSize":16,"fill":"#000","text":"Gerar Relatórios de Saúde","textWrap":{"width":200,"height":null,"ellipsis":false,"breakWord":true}}},"position":{"x":460,"y":310},"size":{"width":203.359375,"height":43},"angle":0,"id":"d0556081-ecc1-4deb-841b-16f759879c9d","z":25},{"type":"custom.Actor","attrs":{"label":{"text":"RH"}},"position":{"x":810,"y":170},"size":{"width":48,"height":86},"angle":0,"id":"d80ee464-fecd-466e-bd74-008af4a78795","z":26},{"type":"custom.UseCase","attrs":{"body":{"stroke":"#000","fill":"#FFF7D0"},"label":{"fontSize":16,"fill":"#000","text":"Aprovar Retorno ao Trabalho","textWrap":{"width":200,"height":null,"ellipsis":false,"breakWord":true}}},"position":{"x":540,"y":130},"size":{"width":219.71875,"height":43},"angle":0,"id":"74b24164-7233-45aa-983e-c73ae3f64f03","z":27},{"type":"custom.Extend","attrs":{"line":{"strokeDasharray":"5,5"}},"source":{"id":"e8aacc74-19cf-47f2-bb44-9c0040679a7b"},"target":{"id":"74b24164-7233-45aa-983e-c73ae3f64f03"},"id":"16d4d914-8581-4d63-b835-a2fb166977b7","labels":[{"attrs":{"text":{"text":"<<extend>>","fontSize":14,"fill":"#000"},"rect":{"fill":"#fff","stroke":"#000","strokeWidth":0}},"position":{"distance":0.5}}],"z":28},{"type":"standard.Link","attrs":{"line":{"targetMarker":{"d":""}}},"source":{"id":"d80ee464-fecd-466e-bd74-008af4a78795"},"target":{"id":"e8aacc74-19cf-47f2-bb44-9c0040679a7b"},"id":"f1411293-b20c-48ad-a94d-c6391a86519f","z":29},{"type":"standard.Link","attrs":{"line":{"targetMarker":{"d":""}}},"source":{"id":"d80ee464-fecd-466e-bd74-008af4a78795"},"target":{"id":"74b24164-7233-45aa-983e-c73ae3f64f03"},"id":"39206a79-0f32-40c1-b306-96dd399db481","z":30},{"type":"custom.UseCase","attrs":{"body":{"stroke":"#000","fill":"#FFF7D0"},"label":{"fontSize":16,"fill":"#000","text":"Gerenciar Histórico Clínico","textWrap":{"width":200,"height":null,"ellipsis":false,"breakWord":true}}},"position":{"x":670,"y":370},"size":{"width":207.703125,"height":43},"angle":0,"id":"a95727b0-e945-4d83-ab37-474f42b25166","z":31},{"type":"standard.Link","attrs":{"line":{"targetMarker":{"d":""}}},"source":{"id":"d80ee464-fecd-466e-bd74-008af4a78795"},"target":{"id":"d0556081-ecc1-4deb-841b-16f759879c9d"},"id":"74458a5b-3395-4cbf-9ce1-bdf6a698ee22","z":32},{"type":"standard.Link","attrs":{"line":{"targetMarker":{"d":""}}},"source":{"id":"d80ee464-fecd-466e-bd74-008af4a78795"},"target":{"id":"a95727b0-e945-4d83-ab37-474f42b25166"},"id":"d35abfe1-9d1a-4924-b69b-1fd01013d97f","z":33},{"type":"custom.Actor","attrs":{"label":{"text":"Sistema de Saúde"}},"position":{"x":550,"y":420},"size":{"width":48,"height":86},"angle":0,"id":"ee7f03db-8328-4bb5-b180-641ab038b334","z":34},{"type":"standard.Link","attrs":{"line":{"targetMarker":{"d":""}}},"source":{"id":"ee7f03db-8328-4bb5-b180-641ab038b334"},"target":{"id":"a95727b0-e945-4d83-ab37-474f42b25166"},"id":"4ba051d6-3449-44b7-a4b7-18f746589c7b","z":35},{"type":"standard.Link","attrs":{"line":{"targetMarker":{"d":""}}},"source":{"id":"ee7f03db-8328-4bb5-b180-641ab038b334"},"target":{"id":"d0556081-ecc1-4deb-841b-16f759879c9d"},"id":"64852342-fd3c-490d-9249-06388f785d3f","z":36}]}
24	{"cells":[{"type":"custom.Actor","attrs":{"label":{"text":"Operador"}},"position":{"x":70,"y":20},"size":{"width":48,"height":86},"angle":0,"id":"f63d6b17-8471-4d8f-b83d-9857adb5b34f","z":1},{"type":"custom.UseCase","attrs":{"body":{"stroke":"#000","fill":"#FFF7D0"},"label":{"fontSize":16,"fill":"#000","text":"Detectar Falhas","textWrap":{"width":200,"height":null,"ellipsis":false,"breakWord":true}}},"position":{"x":280,"y":30},"size":{"width":139.4375,"height":43},"angle":0,"id":"156b762e-b1fc-4b99-96c3-7d5600334bc4","z":2},{"type":"custom.UseCase","attrs":{"body":{"stroke":"#000","fill":"#FFF7D0"},"label":{"fontSize":16,"fill":"#000","text":"Registrar Incidentes","textWrap":{"width":200,"height":null,"ellipsis":false,"breakWord":true}}},"position":{"x":300,"y":130},"size":{"width":165.984375,"height":43},"angle":0,"id":"6e37377a-101d-44df-a3bf-5d6b9c717c1b","z":3},{"type":"standard.Link","attrs":{"line":{"targetMarker":{"d":""}}},"source":{"id":"f63d6b17-8471-4d8f-b83d-9857adb5b34f"},"target":{"id":"156b762e-b1fc-4b99-96c3-7d5600334bc4"},"id":"886c944d-0bc9-4911-a9dc-190eac1c4d38","z":4},{"type":"standard.Link","attrs":{"line":{"targetMarker":{"d":""}}},"source":{"id":"f63d6b17-8471-4d8f-b83d-9857adb5b34f"},"target":{"id":"6e37377a-101d-44df-a3bf-5d6b9c717c1b"},"id":"3c8c5986-7050-4d09-89d4-09dc9111fa46","z":5},{"type":"custom.Include","attrs":{"line":{"strokeDasharray":"2.2"}},"source":{"id":"156b762e-b1fc-4b99-96c3-7d5600334bc4"},"target":{"id":"6e37377a-101d-44df-a3bf-5d6b9c717c1b"},"id":"4558498d-0dcd-4b60-9d05-b154c02e6706","labels":[{"attrs":{"text":{"text":"<<include>>","fontSize":14,"fill":"#000"},"rect":{"fill":"#fff","stroke":"#000","strokeWidth":0}},"position":{"distance":0.5}}],"z":6},{"type":"custom.UseCase","attrs":{"body":{"stroke":"#000","fill":"#FFF7D0"},"label":{"fontSize":16,"fill":"#000","text":"Escalar Problemas","textWrap":{"width":200,"height":null,"ellipsis":false,"breakWord":true}}},"position":{"x":310,"y":240},"size":{"width":158.59375,"height":43},"angle":0,"id":"685f054e-abf3-40f5-af40-d150f32ba13c","z":7},{"type":"standard.Link","attrs":{"line":{"targetMarker":{"d":""}}},"source":{"id":"6e37377a-101d-44df-a3bf-5d6b9c717c1b"},"target":{"id":"685f054e-abf3-40f5-af40-d150f32ba13c"},"id":"237330f3-e36d-4824-8dae-dc0d1d507abb","z":8},{"type":"custom.Actor","attrs":{"label":{"text":"Gerente"}},"position":{"x":60,"y":190},"size":{"width":48,"height":86},"angle":0,"id":"981a324a-d81a-432d-b56e-0682a4e8328b","z":9},{"type":"custom.UseCase","attrs":{"body":{"stroke":"#000","fill":"#FFF7D0"},"label":{"fontSize":16,"fill":"#000","text":"Gerar Relatório de Crise","textWrap":{"width":200,"height":null,"ellipsis":false,"breakWord":true}}},"position":{"x":20,"y":340},"size":{"width":189.078125,"height":43},"angle":0,"id":"c4c34d28-876c-4d90-a4c8-15a3fea48d0d","z":10},{"type":"standard.Link","attrs":{"line":{"targetMarker":{"d":""}}},"source":{"id":"981a324a-d81a-432d-b56e-0682a4e8328b"},"target":{"id":"685f054e-abf3-40f5-af40-d150f32ba13c"},"id":"5e1a4cdc-d9ef-4d29-854f-564c00602c83","z":11},{"type":"standard.Link","attrs":{"line":{"targetMarker":{"d":""}}},"source":{"id":"981a324a-d81a-432d-b56e-0682a4e8328b"},"target":{"id":"c4c34d28-876c-4d90-a4c8-15a3fea48d0d"},"id":"e037d156-3e1e-4e84-8019-f6e1a528c102","z":12},{"type":"custom.Actor","attrs":{"label":{"text":"SistemaAlertas"}},"position":{"x":760,"y":340},"size":{"width":48,"height":86},"angle":0,"id":"d2bcf2d1-bb08-445f-9fe7-0944c21afa71","z":13},{"type":"custom.Actor","attrs":{"label":{"text":"EquipeSuporte"}},"position":{"x":770,"y":50},"size":{"width":48,"height":86},"angle":0,"id":"a7a7d192-d5da-4831-b78e-c3661ce7fc53","z":14},{"type":"custom.UseCase","attrs":{"body":{"stroke":"#000","fill":"#FFF7D0"},"label":{"fontSize":16,"fill":"#000","text":"Confirmar Resolução","textWrap":{"width":200,"height":null,"ellipsis":false,"breakWord":true}}},"position":{"x":640,"y":210},"size":{"width":172.765625,"height":43},"angle":0,"id":"df2f59b2-4fa9-42cb-9ce8-99ab293dcb18","z":15},{"type":"standard.Link","attrs":{"line":{"targetMarker":{"d":""}}},"source":{"id":"a7a7d192-d5da-4831-b78e-c3661ce7fc53"},"target":{"id":"df2f59b2-4fa9-42cb-9ce8-99ab293dcb18"},"id":"095b136a-d3ce-4ede-b4de-4011bd4d5966","z":16},{"type":"custom.Extend","attrs":{"line":{"strokeDasharray":"5,5"}},"source":{"id":"685f054e-abf3-40f5-af40-d150f32ba13c"},"target":{"id":"df2f59b2-4fa9-42cb-9ce8-99ab293dcb18"},"id":"b61d5140-cd1e-4242-86d1-696f4ed076d5","labels":[{"attrs":{"text":{"text":"<<extend>>","fontSize":14,"fill":"#000"},"rect":{"fill":"#fff","stroke":"#000","strokeWidth":0}},"position":{"distance":0.5}}],"z":17},{"type":"custom.UseCase","attrs":{"body":{"stroke":"#000","fill":"#FFF7D0"},"label":{"fontSize":16,"fill":"#000","text":"Enviar Alertas","textWrap":{"width":200,"height":null,"ellipsis":false,"breakWord":true}}},"position":{"x":490,"y":350},"size":{"width":128.1875,"height":43},"angle":0,"id":"cd9c1a7b-2ba8-4ab8-85e3-0a6a3748a359","z":18},{"type":"standard.Link","attrs":{"line":{"targetMarker":{"d":""}}},"source":{"id":"d2bcf2d1-bb08-445f-9fe7-0944c21afa71"},"target":{"id":"cd9c1a7b-2ba8-4ab8-85e3-0a6a3748a359"},"id":"bf74bd4d-c614-4a2a-8a83-37947c11bb0e","z":19},{"type":"custom.Include","attrs":{"line":{"strokeDasharray":"2.2"}},"source":{"id":"685f054e-abf3-40f5-af40-d150f32ba13c"},"target":{"id":"cd9c1a7b-2ba8-4ab8-85e3-0a6a3748a359"},"id":"7cef0aae-af7e-4762-b411-6e2e1454e1ae","labels":[{"attrs":{"text":{"text":"<<include>>","fontSize":14,"fill":"#000"},"rect":{"fill":"#fff","stroke":"#000","strokeWidth":0}},"position":{"distance":0.5}}],"z":20}]}
21	{"cells":[{"type":"custom.Actor","attrs":{"label":{"text":"SistemaA"}},"position":{"x":70,"y":30},"size":{"width":48,"height":86},"angle":0,"id":"b85bec77-d435-4298-abe1-185f4321f40a","z":1},{"type":"custom.Actor","attrs":{"label":{"text":"SistemaB"}},"position":{"x":70,"y":160},"size":{"width":48,"height":86},"angle":0,"id":"65ab6e79-211f-472c-8854-9bee67d8ff55","z":2},{"type":"custom.UseCase","attrs":{"body":{"stroke":"#000","fill":"#FFF7D0"},"label":{"fontSize":16,"fill":"#000","text":"Adaptar Dados","textWrap":{"width":200,"height":null,"ellipsis":false,"breakWord":true}}},"position":{"x":268,"y":109.21875},"size":{"width":134.828125,"height":43},"angle":0,"id":"2be64a9f-3ef1-444f-830e-1628da8e0803","z":3},{"type":"custom.UseCase","attrs":{"body":{"stroke":"#000","fill":"#FFF7D0"},"label":{"fontSize":16,"fill":"#000","text":"Aplicar Regras de Compatibilidade","textWrap":{"width":200,"height":null,"ellipsis":false,"breakWord":true}}},"position":{"x":460,"y":230},"size":{"width":232,"height":60},"angle":0,"id":"27f28f45-e263-4de7-ad0c-1e92e1d97fdd","z":4},{"type":"standard.Link","attrs":{"line":{"targetMarker":{"d":""}}},"source":{"id":"b85bec77-d435-4298-abe1-185f4321f40a"},"target":{"id":"2be64a9f-3ef1-444f-830e-1628da8e0803"},"id":"8424b3fe-33fb-4eac-8732-672b18a5c9ee","z":5},{"type":"standard.Link","attrs":{"line":{"targetMarker":{"d":""}}},"source":{"id":"65ab6e79-211f-472c-8854-9bee67d8ff55"},"target":{"id":"2be64a9f-3ef1-444f-830e-1628da8e0803"},"id":"3b1b00a0-cdd0-46d1-86d1-7b867f0c9e61","z":6},{"type":"standard.Link","attrs":{"line":{"targetMarker":{"d":""}}},"source":{"id":"2be64a9f-3ef1-444f-830e-1628da8e0803"},"target":{"id":"27f28f45-e263-4de7-ad0c-1e92e1d97fdd"},"id":"828f1f55-2c85-4d03-9615-132a1b02f403","z":7},{"type":"custom.Actor","attrs":{"label":{"text":"EquipeTI"}},"position":{"x":160,"y":290},"size":{"width":48,"height":86},"angle":0,"id":"c35e13d6-9fc5-44c9-9d5f-8fce00a48992","z":8},{"type":"custom.UseCase","attrs":{"body":{"stroke":"#000","fill":"#FFF7D0"},"label":{"fontSize":16,"fill":"#000","text":"Monitorar Integração","textWrap":{"width":200,"height":null,"ellipsis":false,"breakWord":true}}},"position":{"x":420,"y":350},"size":{"width":172.5,"height":43},"angle":0,"id":"8feda917-e7cc-4df0-8e64-fc191a2d3e08","z":9},{"type":"standard.Link","attrs":{"line":{"targetMarker":{"d":""}}},"source":{"id":"c35e13d6-9fc5-44c9-9d5f-8fce00a48992"},"target":{"id":"27f28f45-e263-4de7-ad0c-1e92e1d97fdd"},"id":"7dfc655e-ac34-46a4-90cf-86e2b26dd287","z":10},{"type":"standard.Link","attrs":{"line":{"targetMarker":{"d":""}}},"source":{"id":"c35e13d6-9fc5-44c9-9d5f-8fce00a48992"},"target":{"id":"8feda917-e7cc-4df0-8e64-fc191a2d3e08"},"id":"98a7d182-e980-41c0-8eed-6d77002053b1","z":11},{"type":"custom.UseCase","attrs":{"body":{"stroke":"#000","fill":"#FFF7D0"},"label":{"fontSize":16,"fill":"#000","text":"Treinar Equipe","textWrap":{"width":200,"height":null,"ellipsis":false,"breakWord":true}}},"position":{"x":730,"y":340},"size":{"width":131.046875,"height":43},"angle":0,"id":"c8930609-074d-4ff2-9816-8614dcb57ff6","z":12},{"type":"standard.Link","attrs":{"line":{"targetMarker":{"d":""}}},"source":{"id":"27f28f45-e263-4de7-ad0c-1e92e1d97fdd"},"target":{"id":"c8930609-074d-4ff2-9816-8614dcb57ff6"},"id":"44b5f678-5782-475f-b4ac-795371b45eca","z":13},{"type":"custom.Actor","attrs":{"label":{"text":"GerenteMudanca"}},"position":{"x":370,"y":450},"size":{"width":48,"height":86},"angle":0,"id":"6661d18f-66eb-4862-adac-55a22f5af35e","z":14},{"type":"standard.Link","attrs":{"line":{"targetMarker":{"d":""}}},"source":{"id":"6661d18f-66eb-4862-adac-55a22f5af35e"},"target":{"id":"8feda917-e7cc-4df0-8e64-fc191a2d3e08"},"id":"b2482bec-340d-4b0f-afef-deab392f6582","z":15},{"type":"standard.Link","attrs":{"line":{"targetMarker":{"d":""}}},"source":{"id":"6661d18f-66eb-4862-adac-55a22f5af35e"},"target":{"id":"c8930609-074d-4ff2-9816-8614dcb57ff6"},"id":"899c5b09-ce7a-48eb-96be-91358f90b4e1","z":16}]}
2	{"cells":[{"type":"custom.Actor","attrs":{"label":{"text":"Usuario"}},"position":{"x":70,"y":540},"size":{"width":48,"height":86},"angle":0,"id":"a7cd38f6-8f12-4a5e-9694-e18142cfb4dc","z":1},{"type":"custom.Actor","attrs":{"label":{"text":"Sistema"}},"position":{"x":520,"y":540},"size":{"width":48,"height":86},"angle":0,"id":"40f6cf0f-894e-4674-8c9b-dd1535535842","z":2},{"type":"custom.UseCase","attrs":{"body":{"stroke":"#000","fill":"#FFF7D0"},"label":{"fontSize":16,"fill":"#000","text":"Registrar Usuario","textWrap":{"width":200,"height":null,"ellipsis":false,"breakWord":true}}},"position":{"x":231,"y":448.3125},"size":{"width":149.203125,"height":43},"angle":0,"id":"c0bc19ef-c3fd-4c9e-8cc2-757fe7914bdf","z":3},{"type":"custom.UseCase","attrs":{"body":{"stroke":"#000","fill":"#FFF7D0"},"label":{"fontSize":16,"fill":"#000","text":"Emprestar Livro","textWrap":{"width":200,"height":null,"ellipsis":false,"breakWord":true}}},"position":{"x":231,"y":552.3125},"size":{"width":140.09375,"height":43},"angle":0,"id":"2fd5914c-7863-44ea-8600-edd28c4d7c5a","z":4},{"type":"custom.UseCase","attrs":{"body":{"stroke":"#000","fill":"#FFF7D0"},"label":{"fontSize":16,"fill":"#000","text":"Devolver Livro","textWrap":{"width":200,"height":null,"ellipsis":false,"breakWord":true}}},"position":{"x":242,"y":655.3125},"size":{"width":129.25,"height":43},"angle":0,"id":"7fc601bd-0e1a-4be7-8433-7bba90a4b15d","z":5},{"type":"standard.Link","attrs":{"line":{"targetMarker":{"d":""}}},"source":{"id":"a7cd38f6-8f12-4a5e-9694-e18142cfb4dc"},"target":{"id":"c0bc19ef-c3fd-4c9e-8cc2-757fe7914bdf"},"id":"52038ef1-7c0c-4cd6-bf17-837672fecd5a","z":6},{"type":"standard.Link","attrs":{"line":{"targetMarker":{"d":""}}},"source":{"id":"a7cd38f6-8f12-4a5e-9694-e18142cfb4dc"},"target":{"id":"2fd5914c-7863-44ea-8600-edd28c4d7c5a"},"id":"d846b52f-ca21-4272-bf68-22d948b14793","z":7},{"type":"standard.Link","attrs":{"line":{"targetMarker":{"d":""}}},"source":{"id":"a7cd38f6-8f12-4a5e-9694-e18142cfb4dc"},"target":{"id":"7fc601bd-0e1a-4be7-8433-7bba90a4b15d"},"id":"9f25c882-9e0d-4357-8956-9778f19bb1f6","z":8},{"type":"standard.Link","attrs":{"line":{"targetMarker":{"d":""}}},"source":{"id":"40f6cf0f-894e-4674-8c9b-dd1535535842"},"target":{"id":"c0bc19ef-c3fd-4c9e-8cc2-757fe7914bdf"},"id":"edcd21c9-03f9-42b5-93dc-0c209b2ffd8e","z":9},{"type":"standard.Link","attrs":{"line":{"targetMarker":{"d":""}}},"source":{"id":"40f6cf0f-894e-4674-8c9b-dd1535535842"},"target":{"id":"2fd5914c-7863-44ea-8600-edd28c4d7c5a"},"id":"b869131e-8e03-41bb-b380-81d537226e4f","z":10}]}
2	{"cells":[{"type":"custom.Actor","attrs":{"label":{"text":"Usuário"}},"position":{"x":580,"y":140},"size":{"width":48,"height":86},"angle":0,"id":"e89e3b50-32af-4083-ae04-190d695470bc","z":1},{"type":"custom.Actor","attrs":{"label":{"text":"Sistema"}},"position":{"x":120,"y":150},"size":{"width":48,"height":86},"angle":0,"id":"b924ed43-103f-4b70-9473-aab93c9f25b0","z":2},{"type":"custom.UseCase","attrs":{"body":{"stroke":"#000","fill":"#FFF7D0"},"label":{"fontSize":16,"fill":"#000","text":"Emprestar Livro","textWrap":{"width":200,"height":null,"ellipsis":false,"breakWord":true}}},"position":{"x":310,"y":60},"size":{"width":140.09375,"height":43},"angle":0,"id":"bbcb207f-6e15-47d3-a84d-790be843483c","z":3},{"type":"custom.UseCase","attrs":{"body":{"stroke":"#000","fill":"#FFF7D0"},"label":{"fontSize":16,"fill":"#000","text":"Devolver Livro","textWrap":{"width":200,"height":null,"ellipsis":false,"breakWord":true}}},"position":{"x":310,"y":180},"size":{"width":129.25,"height":43},"angle":0,"id":"9380bf80-738d-4433-8720-4d30d41521d6","z":4},{"type":"custom.UseCase","attrs":{"body":{"stroke":"#000","fill":"#FFF7D0"},"label":{"fontSize":16,"fill":"#000","text":"Registrar Usuário","textWrap":{"width":200,"height":null,"ellipsis":false,"breakWord":true}}},"position":{"x":300,"y":296.65625},"size":{"width":149.203125,"height":43},"angle":0,"id":"9d24614b-bcdd-4dba-a299-373ad3ed91be","z":5},{"type":"standard.Link","attrs":{"line":{"targetMarker":{"d":""}}},"source":{"id":"e89e3b50-32af-4083-ae04-190d695470bc"},"target":{"id":"9d24614b-bcdd-4dba-a299-373ad3ed91be"},"id":"6326b4a8-ab9d-4497-bd84-25b69c414eeb","z":6},{"type":"standard.Link","attrs":{"line":{"targetMarker":{"d":""}}},"source":{"id":"e89e3b50-32af-4083-ae04-190d695470bc"},"target":{"id":"9380bf80-738d-4433-8720-4d30d41521d6"},"id":"2d016f6d-c06f-45fe-8f10-f704d598001d","z":7},{"type":"standard.Link","attrs":{"line":{"targetMarker":{"d":""}}},"source":{"id":"b924ed43-103f-4b70-9473-aab93c9f25b0"},"target":{"id":"9380bf80-738d-4433-8720-4d30d41521d6"},"id":"0f4baf10-db69-4adc-abc0-060032285e67","z":8},{"type":"standard.Link","attrs":{"line":{"targetMarker":{"d":""}}},"source":{"id":"b924ed43-103f-4b70-9473-aab93c9f25b0"},"target":{"id":"bbcb207f-6e15-47d3-a84d-790be843483c"},"id":"fdf4f749-a9bb-409d-8165-d8029bfa2c51","z":9},{"type":"standard.Link","attrs":{"line":{"targetMarker":{"d":""}}},"source":{"id":"e89e3b50-32af-4083-ae04-190d695470bc"},"target":{"id":"bbcb207f-6e15-47d3-a84d-790be843483c"},"id":"61c66b3f-4eb5-4fd7-ad41-9eda9b2d05b6","z":10}]}
16	{"cells":[{"type":"custom.Actor","attrs":{"label":{"text":"GestorFusao"}},"position":{"x":40,"y":190},"size":{"width":48,"height":86},"angle":0,"id":"5cad0f31-3c8c-4b55-bb2f-165f6daab906","z":1},{"type":"custom.UseCase","attrs":{"body":{"stroke":"#000","fill":"#FFF7D0"},"label":{"fontSize":16,"fill":"#000","text":"Executar Due Diligence Completa","textWrap":{"width":200,"height":null,"ellipsis":false,"breakWord":true}}},"position":{"x":200,"y":210},"size":{"width":232,"height":60},"angle":0,"id":"4b98e117-6819-46a3-b334-9cf57b736d31","z":2},{"type":"custom.UseCase","attrs":{"body":{"stroke":"#000","fill":"#FFF7D0"},"label":{"fontSize":16,"fill":"#000","text":"Planejar Novo Futuro","textWrap":{"width":200,"height":null,"ellipsis":false,"breakWord":true}}},"position":{"x":220,"y":340},"size":{"width":172.390625,"height":43},"angle":0,"id":"4bf96e18-a3ef-4693-992a-5ead571de33e","z":3},{"type":"standard.Link","attrs":{"line":{"targetMarker":{"d":""}}},"source":{"id":"5cad0f31-3c8c-4b55-bb2f-165f6daab906"},"target":{"id":"4b98e117-6819-46a3-b334-9cf57b736d31"},"id":"d2dba4dc-df3e-4839-8769-82d52d5f794d","z":4},{"type":"standard.Link","attrs":{"line":{"targetMarker":{"d":""}}},"source":{"id":"5cad0f31-3c8c-4b55-bb2f-165f6daab906"},"target":{"id":"4bf96e18-a3ef-4693-992a-5ead571de33e"},"id":"8ae30066-4139-424a-9df8-03f8f1c7c645","z":5},{"type":"custom.Actor","attrs":{"label":{"text":"Analista"}},"position":{"x":290,"y":10},"size":{"width":48,"height":86},"angle":0,"id":"59ed6864-b6b7-461c-8330-89c40cd8c069","z":6},{"type":"custom.UseCase","attrs":{"body":{"stroke":"#000","fill":"#FFF7D0"},"label":{"fontSize":16,"fill":"#000","text":"Analisar Base de Usuarios","textWrap":{"width":200,"height":null,"ellipsis":false,"breakWord":true}}},"position":{"x":20,"y":50},"size":{"width":204.59375,"height":43},"angle":0,"id":"8c55c5d0-8a22-43a1-81d2-3be6cee093d0","z":7},{"type":"standard.Link","attrs":{"line":{"targetMarker":{"d":""}}},"source":{"id":"59ed6864-b6b7-461c-8330-89c40cd8c069"},"target":{"id":"8c55c5d0-8a22-43a1-81d2-3be6cee093d0"},"id":"38675ec1-a829-4c7a-b7b4-92c6615a8ded","z":8},{"type":"custom.UseCase","attrs":{"body":{"stroke":"#000","fill":"#FFF7D0"},"label":{"fontSize":16,"fill":"#000","text":"Validar Dados Financeiros","textWrap":{"width":200,"height":null,"ellipsis":false,"breakWord":true}}},"position":{"x":410,"y":40},"size":{"width":204.328125,"height":43},"angle":0,"id":"28bb2059-fcf8-4c1e-a6a2-956aae0d825c","z":9},{"type":"standard.Link","attrs":{"line":{"targetMarker":{"d":""}}},"source":{"id":"59ed6864-b6b7-461c-8330-89c40cd8c069"},"target":{"id":"28bb2059-fcf8-4c1e-a6a2-956aae0d825c"},"id":"c5cfde78-b0c0-4ab7-847a-42cfbc14900b","z":10},{"type":"custom.Include","attrs":{"line":{"strokeDasharray":"2.2"}},"source":{"id":"4b98e117-6819-46a3-b334-9cf57b736d31"},"target":{"id":"8c55c5d0-8a22-43a1-81d2-3be6cee093d0"},"id":"70b1283c-12af-4fb6-9aa4-bc068d7f0827","labels":[{"attrs":{"text":{"text":"<<include>>","fontSize":14,"fill":"#000"},"rect":{"fill":"#fff","stroke":"#000","strokeWidth":0}},"position":{"distance":0.5}}],"z":11},{"type":"custom.Include","attrs":{"line":{"strokeDasharray":"2.2"}},"source":{"id":"4b98e117-6819-46a3-b334-9cf57b736d31"},"target":{"id":"28bb2059-fcf8-4c1e-a6a2-956aae0d825c"},"id":"1eb4387d-114b-4149-ae0c-d92f0bfbfb17","labels":[{"attrs":{"text":{"text":"<<include>>","fontSize":14,"fill":"#000"},"rect":{"fill":"#fff","stroke":"#000","strokeWidth":0}},"position":{"distance":0.5}}],"z":12},{"type":"custom.UseCase","attrs":{"body":{"stroke":"#000","fill":"#FFF7D0"},"label":{"fontSize":16,"fill":"#000","text":"Migrar Dados para Cloud","textWrap":{"width":200,"height":null,"ellipsis":false,"breakWord":true}}},"position":{"x":570,"y":160},"size":{"width":196.328125,"height":43},"angle":0,"id":"6e065f05-41b3-44c9-a997-9d59da162d36","z":13},{"type":"custom.Include","attrs":{"line":{"strokeDasharray":"2.2"}},"source":{"id":"4b98e117-6819-46a3-b334-9cf57b736d31"},"target":{"id":"6e065f05-41b3-44c9-a997-9d59da162d36"},"id":"8fbe2b5a-2f51-436a-af51-d61c9ca5281a","labels":[{"attrs":{"text":{"text":"<<include>>","fontSize":14,"fill":"#000"},"rect":{"fill":"#fff","stroke":"#000","strokeWidth":0}},"position":{"distance":0.5}}],"z":14},{"type":"custom.Extend","attrs":{"line":{"strokeDasharray":"5,5"}},"source":{"id":"4bf96e18-a3ef-4693-992a-5ead571de33e"},"target":{"id":"4b98e117-6819-46a3-b334-9cf57b736d31"},"id":"157a07e1-d7f0-488d-9e6c-3828ec1bd969","labels":[{"attrs":{"text":{"text":"<<extend>>","fontSize":14,"fill":"#000"},"rect":{"fill":"#fff","stroke":"#000","strokeWidth":0}},"position":{"distance":0.5}}],"z":15},{"type":"custom.UseCase","attrs":{"body":{"stroke":"#000","fill":"#FFF7D0"},"label":{"fontSize":16,"fill":"#000","text":"Integrar Sistemas","textWrap":{"width":200,"height":null,"ellipsis":false,"breakWord":true}}},"position":{"x":520,"y":290},"size":{"width":151.78125,"height":43},"angle":0,"id":"817fce0e-a511-422e-a145-a06851475778","z":16},{"type":"custom.Actor","attrs":{"label":{"text":"SistemaCloud"}},"position":{"x":820,"y":210},"size":{"width":48,"height":86},"angle":0,"id":"bcb883b2-77a7-438e-8abe-b82e424f4ef6","z":17},{"type":"standard.Link","attrs":{"line":{"targetMarker":{"d":""}}},"source":{"id":"bcb883b2-77a7-438e-8abe-b82e424f4ef6"},"target":{"id":"6e065f05-41b3-44c9-a997-9d59da162d36"},"id":"4752de8b-4273-4540-94bb-8d478c7a1ed4","z":18},{"type":"standard.Link","attrs":{"line":{"targetMarker":{"d":""}}},"source":{"id":"bcb883b2-77a7-438e-8abe-b82e424f4ef6"},"target":{"id":"817fce0e-a511-422e-a145-a06851475778"},"id":"468bc2dd-4e34-49aa-a313-a06b2fe9c542","z":19},{"type":"custom.Include","attrs":{"line":{"strokeDasharray":"2.2"}},"source":{"id":"817fce0e-a511-422e-a145-a06851475778"},"target":{"id":"4bf96e18-a3ef-4693-992a-5ead571de33e"},"id":"87db4c32-6e3b-458b-b5f0-ead3a054bac1","labels":[{"attrs":{"text":{"text":"<<include>>","fontSize":14,"fill":"#000"},"rect":{"fill":"#fff","stroke":"#000","strokeWidth":0}},"position":{"distance":0.5}}],"z":20},{"type":"custom.Include","attrs":{"line":{"strokeDasharray":"2.2"}},"source":{"id":"6e065f05-41b3-44c9-a997-9d59da162d36"},"target":{"id":"817fce0e-a511-422e-a145-a06851475778"},"id":"b1d16f21-fc5e-4331-9d2e-799c737e35c1","labels":[{"attrs":{"text":{"text":"<<include>>","fontSize":14,"fill":"#000"},"rect":{"fill":"#fff","stroke":"#000","strokeWidth":0}},"position":{"distance":0.5}}],"z":21}]}
9	{"cells":[{"type":"custom.Actor","attrs":{"label":{"text":"Administrador"}},"position":{"x":49,"y":28.65625},"size":{"width":48,"height":86},"angle":0,"id":"a31c16a2-8a1b-4b7d-bea3-698b8cb45e53","z":1},{"type":"custom.UseCase","attrs":{"body":{"stroke":"#000","fill":"#FFF7D0"},"label":{"fontSize":16,"fill":"#000","text":"Analisar Metricas","textWrap":{"width":200,"height":null,"ellipsis":false,"breakWord":true}}},"position":{"x":275,"y":51.65625},"size":{"width":150.890625,"height":43},"angle":0,"id":"8942f24a-dac3-4fc9-b268-6e48400bb1b7","z":2},{"type":"standard.Link","attrs":{"line":{"targetMarker":{"d":""}}},"source":{"id":"a31c16a2-8a1b-4b7d-bea3-698b8cb45e53"},"target":{"id":"8942f24a-dac3-4fc9-b268-6e48400bb1b7"},"id":"9aa51de7-f02d-490b-9b63-fbf892ddd295","z":3},{"type":"custom.Actor","attrs":{"label":{"text":"UsuarioPremium"}},"position":{"x":50,"y":170},"size":{"width":48,"height":86},"angle":0,"id":"6d6d01cf-49ce-4f24-b489-651486113d84","z":4},{"type":"custom.UseCase","attrs":{"body":{"stroke":"#000","fill":"#FFF7D0"},"label":{"fontSize":16,"fill":"#000","text":"Colaborar Tempo Real","textWrap":{"width":200,"height":null,"ellipsis":false,"breakWord":true}}},"position":{"x":281,"y":140.65625},"size":{"width":179.765625,"height":43},"angle":0,"id":"3a485774-ed62-4055-9f0b-200ed5040577","z":5},{"type":"custom.UseCase","attrs":{"body":{"stroke":"#000","fill":"#FFF7D0"},"label":{"fontSize":16,"fill":"#000","text":"Integrar API","textWrap":{"width":200,"height":null,"ellipsis":false,"breakWord":true}}},"position":{"x":278,"y":226.65625},"size":{"width":115.625,"height":43},"angle":0,"id":"36ceb561-c785-4135-b577-8bb9ac4ed2aa","z":6},{"type":"custom.UseCase","attrs":{"body":{"stroke":"#000","fill":"#FFF7D0"},"label":{"fontSize":16,"fill":"#000","text":"Sincronizar Mudanças","textWrap":{"width":200,"height":null,"ellipsis":false,"breakWord":true}}},"position":{"x":610,"y":140},"size":{"width":180.640625,"height":43},"angle":0,"id":"9ce2f264-bb96-4681-920e-9308a44b0214","z":7},{"type":"standard.Link","attrs":{"line":{"targetMarker":{"d":""}}},"source":{"id":"6d6d01cf-49ce-4f24-b489-651486113d84"},"target":{"id":"3a485774-ed62-4055-9f0b-200ed5040577"},"id":"73fd4b20-dd6f-4763-b05b-4c90c77aada1","z":8},{"type":"standard.Link","attrs":{"line":{"targetMarker":{"d":""}}},"source":{"id":"6d6d01cf-49ce-4f24-b489-651486113d84"},"target":{"id":"36ceb561-c785-4135-b577-8bb9ac4ed2aa"},"id":"df42ecc5-270f-46dc-a6a5-d4ece5a1204a","z":9},{"type":"custom.Include","attrs":{"line":{"strokeDasharray":"2.2"}},"source":{"id":"3a485774-ed62-4055-9f0b-200ed5040577"},"target":{"id":"9ce2f264-bb96-4681-920e-9308a44b0214"},"id":"1680dfa4-14bb-4235-8db3-30c371ae9bc0","labels":[{"attrs":{"text":{"text":"<<include>>","fontSize":14,"fill":"#000"},"rect":{"fill":"#fff","stroke":"#000","strokeWidth":0}},"position":{"distance":0.5}}],"z":10},{"type":"custom.Actor","attrs":{"label":{"text":"UsuarioFree"}},"position":{"x":50,"y":330},"size":{"width":48,"height":86},"angle":0,"id":"cc961b04-66e0-4e9e-aa06-77ce5da1059e","z":11},{"type":"custom.UseCase","attrs":{"body":{"stroke":"#000","fill":"#FFF7D0"},"label":{"fontSize":16,"fill":"#000","text":"Criar Diagrama","textWrap":{"width":200,"height":null,"ellipsis":false,"breakWord":true}}},"position":{"x":240,"y":320},"size":{"width":135.140625,"height":43},"angle":0,"id":"9f8340c9-1bee-409b-aa92-1e5a0025478e","z":12},{"type":"custom.UseCase","attrs":{"body":{"stroke":"#000","fill":"#FFF7D0"},"label":{"fontSize":16,"fill":"#000","text":"Exportar Imagem","textWrap":{"width":200,"height":null,"ellipsis":false,"breakWord":true}}},"position":{"x":237,"y":409.65625},"size":{"width":149.515625,"height":43},"angle":0,"id":"44597f96-c5d9-4a49-b15b-f347a1ed4025","z":13},{"type":"standard.Link","attrs":{"line":{"targetMarker":{"d":""}}},"source":{"id":"cc961b04-66e0-4e9e-aa06-77ce5da1059e"},"target":{"id":"9f8340c9-1bee-409b-aa92-1e5a0025478e"},"id":"90cc693f-cbed-4e2e-a9fb-7efb4efe1336","z":14},{"type":"standard.Link","attrs":{"line":{"targetMarker":{"d":""}}},"source":{"id":"cc961b04-66e0-4e9e-aa06-77ce5da1059e"},"target":{"id":"44597f96-c5d9-4a49-b15b-f347a1ed4025"},"id":"8eb19a45-db7a-4133-b881-62bd4a869a3c","z":15},{"type":"custom.UseCase","attrs":{"body":{"stroke":"#000","fill":"#FFF7D0"},"label":{"fontSize":16,"fill":"#000","text":"Selecionar Template","textWrap":{"width":200,"height":null,"ellipsis":false,"breakWord":true}}},"position":{"x":560,"y":316.65625},"size":{"width":168.84375,"height":43},"angle":0,"id":"1eee71cf-acf3-4a05-9286-caeb78a22b0a","z":16},{"type":"custom.Include","attrs":{"line":{"strokeDasharray":"2.2"}},"source":{"id":"9f8340c9-1bee-409b-aa92-1e5a0025478e"},"target":{"id":"1eee71cf-acf3-4a05-9286-caeb78a22b0a"},"id":"31cf4cfc-b346-46d2-84c0-92c569e20e1f","labels":[{"attrs":{"text":{"text":"<<include>>","fontSize":14,"fill":"#000"},"rect":{"fill":"#fff","stroke":"#000","strokeWidth":0}},"position":{"distance":0.5}}],"z":17},{"type":"custom.Dependency","attrs":{},"source":{"id":"6d6d01cf-49ce-4f24-b489-651486113d84"},"target":{"id":"cc961b04-66e0-4e9e-aa06-77ce5da1059e"},"id":"64ff29bc-8a88-48f0-a80b-50c0b4269ce1","labels":[{"position":{"distance":0.5}}],"z":18}]}
9	{"cells":[{"type":"custom.Actor","attrs":{"label":{"text":"Administrador"}},"position":{"x":80,"y":100},"size":{"width":48,"height":86},"angle":0,"id":"8d48ee94-ce17-4c4e-af9e-2fb3ea343744","z":1},{"type":"custom.UseCase","attrs":{"body":{"stroke":"#000","fill":"#FFF7D0"},"label":{"fontSize":16,"fill":"#000","text":"Gerar Relatórios de Uso","textWrap":{"width":200,"height":null,"ellipsis":false,"breakWord":true}}},"position":{"x":270,"y":50},"size":{"width":188.27500915527344,"height":42.39999961853027},"angle":0,"id":"2be2e8c7-c6bb-493e-bccb-ee149ab1bdd4","z":2},{"type":"custom.UseCase","attrs":{"body":{"stroke":"#000","fill":"#FFF7D0"},"label":{"fontSize":16,"fill":"#000","text":"Coletar Dados","textWrap":{"width":200,"height":null,"ellipsis":false,"breakWord":true}}},"position":{"x":650,"y":60},"size":{"width":132.8625030517578,"height":42.39999961853027},"angle":0,"id":"4b43d5d2-053d-4c9c-a5cb-1914bf9bc68b","z":3},{"type":"custom.UseCase","attrs":{"body":{"stroke":"#000","fill":"#FFF7D0"},"label":{"fontSize":16,"fill":"#000","text":"Monitorar Desempenho","textWrap":{"width":200,"height":null,"ellipsis":false,"breakWord":true}}},"position":{"x":290,"y":150},"size":{"width":199.2375030517578,"height":42.39999961853027},"angle":0,"id":"760bd1f5-859e-4981-b8ae-557dc38bc359","z":4},{"type":"custom.Association","attrs":{"line":{"targetMarker":{"d":""},"strokeDasharray":"none"}},"source":{"id":"8d48ee94-ce17-4c4e-af9e-2fb3ea343744"},"target":{"id":"2be2e8c7-c6bb-493e-bccb-ee149ab1bdd4"},"id":"37e937d3-61e5-4843-80ce-0e56ea895d60","labels":[{"attrs":{"rect":{"fill":"#fff","stroke":"#000","strokeWidth":0}},"position":{"distance":0.5}}],"z":5},{"type":"standard.Link","attrs":{"line":{"targetMarker":{"d":""}}},"source":{"id":"8d48ee94-ce17-4c4e-af9e-2fb3ea343744"},"target":{"id":"760bd1f5-859e-4981-b8ae-557dc38bc359"},"id":"f3fc8355-b6cd-4b20-9d2e-91d77774bd64","z":6},{"type":"custom.Include","attrs":{"line":{"strokeDasharray":"2.2"}},"source":{"id":"2be2e8c7-c6bb-493e-bccb-ee149ab1bdd4"},"target":{"id":"4b43d5d2-053d-4c9c-a5cb-1914bf9bc68b"},"id":"1e53abf5-0056-440c-ad8a-506ca6060b23","labels":[{"attrs":{"text":{"text":"<<include>>","fontSize":14,"fill":"#000"},"rect":{"fill":"#fff","stroke":"#000","strokeWidth":0}},"position":{"distance":0.5}}],"z":7},{"type":"custom.Actor","attrs":{"label":{"text":"Usuario Premium"}},"position":{"x":80,"y":290},"size":{"width":48,"height":86},"angle":0,"id":"8dd96351-4266-4053-b39a-73d4aa468580","z":8},{"type":"custom.UseCase","attrs":{"body":{"stroke":"#000","fill":"#FFF7D0"},"label":{"fontSize":16,"fill":"#000","text":"Colaborar em Grupo","textWrap":{"width":200,"height":null,"ellipsis":false,"breakWord":true}}},"position":{"x":320,"y":260},"size":{"width":166.8874969482422,"height":42.39999961853027},"angle":0,"id":"50ee7f81-68e5-4992-92e8-908ba86b636a","z":9},{"type":"custom.UseCase","attrs":{"body":{"stroke":"#000","fill":"#FFF7D0"},"label":{"fontSize":16,"fill":"#000","text":"Conectar com API","textWrap":{"width":200,"height":null,"ellipsis":false,"breakWord":true}}},"position":{"x":320,"y":340},"size":{"width":160.9499969482422,"height":42.39999961853027},"angle":0,"id":"23e1ae7e-c185-4041-9367-f4876ae377b4","z":10},{"type":"standard.Link","attrs":{"line":{"targetMarker":{"d":""}}},"source":{"id":"8dd96351-4266-4053-b39a-73d4aa468580"},"target":{"id":"23e1ae7e-c185-4041-9367-f4876ae377b4"},"id":"8ab5032f-7106-41dc-92df-ea3c0baf4f17","z":11},{"type":"standard.Link","attrs":{"line":{"targetMarker":{"d":""}}},"source":{"id":"8dd96351-4266-4053-b39a-73d4aa468580"},"target":{"id":"50ee7f81-68e5-4992-92e8-908ba86b636a"},"id":"f6aabcee-ff50-42b4-9ca8-b2f44864bb6a","z":12},{"type":"custom.UseCase","attrs":{"body":{"stroke":"#000","fill":"#FFF7D0"},"label":{"fontSize":16,"fill":"#000","text":"Sincronizar Alterações","textWrap":{"width":200,"height":null,"ellipsis":false,"breakWord":true}}},"position":{"x":650,"y":270},"size":{"width":181.47500610351562,"height":42.39999961853027},"angle":0,"id":"86d96ebd-3c8d-43a1-ac07-4589fdac1e54","z":13},{"type":"custom.Include","attrs":{"line":{"strokeDasharray":"2.2"}},"source":{"id":"50ee7f81-68e5-4992-92e8-908ba86b636a"},"target":{"id":"86d96ebd-3c8d-43a1-ac07-4589fdac1e54"},"id":"2a112913-834c-47a0-84c0-a3bbb79db5b0","labels":[{"attrs":{"text":{"text":"<<include>>","fontSize":14,"fill":"#000"},"rect":{"fill":"#fff","stroke":"#000","strokeWidth":0}},"position":{"distance":0.5}}],"z":14},{"type":"custom.Actor","attrs":{"label":{"text":"Usuario Free"}},"position":{"x":80,"y":470},"size":{"width":48,"height":86},"angle":0,"id":"3cf0834c-f86c-4284-a53f-d5bd1e3a2947","z":15},{"type":"custom.UseCase","attrs":{"body":{"stroke":"#000","fill":"#FFF7D0"},"label":{"fontSize":16,"fill":"#000","text":"Criar Projeto","textWrap":{"width":200,"height":null,"ellipsis":false,"breakWord":true}}},"position":{"x":270,"y":440},"size":{"width":120.82500457763672,"height":42.39999961853027},"angle":0,"id":"c5c427d3-62df-4599-884a-f7a8400c92ae","z":16},{"type":"custom.UseCase","attrs":{"body":{"stroke":"#000","fill":"#FFF7D0"},"label":{"fontSize":16,"fill":"#000","text":"Salvar Versão","textWrap":{"width":200,"height":null,"ellipsis":false,"breakWord":true}}},"position":{"x":540,"y":440},"size":{"width":129.6624984741211,"height":42.39999961853027},"angle":0,"id":"f4f43aa5-f655-41d3-a753-ac4baee75cbf","z":17},{"type":"custom.UseCase","attrs":{"body":{"stroke":"#000","fill":"#FFF7D0"},"label":{"fontSize":16,"fill":"#000","text":"Exportar Diagrama","textWrap":{"width":200,"height":null,"ellipsis":false,"breakWord":true}}},"position":{"x":270,"y":540},"size":{"width":157.9000015258789,"height":42.39999961853027},"angle":0,"id":"2eaac899-3e7e-44c0-9481-4cc0d8422247","z":18},{"type":"standard.Link","attrs":{"line":{"targetMarker":{"d":""}}},"source":{"id":"3cf0834c-f86c-4284-a53f-d5bd1e3a2947"},"target":{"id":"c5c427d3-62df-4599-884a-f7a8400c92ae"},"id":"6b72e6f4-a442-45be-b174-bac49dc5678f","z":19},{"type":"standard.Link","attrs":{"line":{"targetMarker":{"d":""}}},"source":{"id":"3cf0834c-f86c-4284-a53f-d5bd1e3a2947"},"target":{"id":"2eaac899-3e7e-44c0-9481-4cc0d8422247"},"id":"d5a6476e-b9ee-41b0-98ab-b4cecc1aedf0","z":20},{"type":"custom.Include","attrs":{"line":{"strokeDasharray":"2.2"}},"source":{"id":"c5c427d3-62df-4599-884a-f7a8400c92ae"},"target":{"id":"f4f43aa5-f655-41d3-a753-ac4baee75cbf"},"id":"b9a73e10-a2a3-412c-a22d-bc6660552159","labels":[{"attrs":{"text":{"text":"<<include>>","fontSize":14,"fill":"#000"},"rect":{"fill":"#fff","stroke":"#000","strokeWidth":0}},"position":{"distance":0.5}}],"z":21},{"type":"custom.Dependency","attrs":{},"source":{"id":"8dd96351-4266-4053-b39a-73d4aa468580"},"target":{"id":"3cf0834c-f86c-4284-a53f-d5bd1e3a2947"},"id":"3b3529d5-5a23-4d4a-aad1-8b7dc50c2694","labels":[{"position":{"distance":0.5}}],"z":22}]}
\.


--
-- TOC entry 4907 (class 0 OID 16759)
-- Dependencies: 233
-- Data for Name: phase_transition; Type: TABLE DATA; Schema: public; Owner: postgres
--

COPY public.phase_transition (id, option_text, from_phase_id, to_phase_id) FROM stdin;
1	\N	2	5
2	\N	5	6
3	\N	6	7
4	Inovação & Empreendedorismo	7	8
5	\N	8	9
6	Corporação Tradicional	7	10
7	\N	10	11
8	\N	9	12
9	\N	11	13
10	Inovação Radical	12	14
11	\N	14	15
12	\N	15	16
13	Crescimento Orgânico	12	17
14	\N	17	18
15	\N	18	19
16	Carreira Executiva	13	20
17	\N	20	21
18	\N	21	22
19	Manutenção de Legado	13	23
20	\N	23	24
21	\N	24	26
\.


--
-- TOC entry 4909 (class 0 OID 16763)
-- Dependencies: 235
-- Data for Name: phase_user; Type: TABLE DATA; Schema: public; Owner: postgres
--

COPY public.phase_user (id, coins, is_current, reputation, status, user_diagram, phase_id, user_id, accuracy, is_completed) FROM stdin;
9	0	f	0	LOCKED	\N	10	2	0	f
10	0	f	0	LOCKED	\N	11	2	0	f
11	0	f	0	LOCKED	\N	12	2	0	f
12	0	f	0	LOCKED	\N	13	2	0	f
14	0	f	0	LOCKED	\N	14	2	0	f
15	0	f	0	LOCKED	\N	15	2	0	f
16	0	f	0	LOCKED	\N	16	2	0	f
17	0	f	0	LOCKED	\N	17	2	0	f
18	0	f	0	LOCKED	\N	18	2	0	f
19	0	f	0	LOCKED	\N	19	2	0	f
20	0	f	0	LOCKED	\N	20	2	0	f
21	0	f	0	LOCKED	\N	21	2	0	f
22	0	f	0	LOCKED	\N	22	2	0	f
23	0	f	0	LOCKED	\N	23	2	0	f
24	0	f	0	LOCKED	\N	24	2	0	f
25	0	f	0	LOCKED	\N	26	2	0	f
5	92	f	46	COMPLETED	{"cells":[{"type":"custom.Class","attrs":{"attrsArea":{"height":48},"title":{"text":"Aluno"},"attrsText":{"text":"- matricula: string\\n- nome: string"}},"position":{"x":20,"y":90},"size":{"width":220,"height":120},"angle":0,"id":"fbf54356-c52b-4df5-83c6-b1e1ef9fa49c","z":1},{"type":"custom.Class","attrs":{"attrsArea":{"height":48},"title":{"text":"Disciplina"},"attrsText":{"text":"- codigo: string\\n- nome: string"}},"position":{"x":680,"y":80},"size":{"width":220,"height":120},"angle":0,"id":"3593a9c7-2050-46d9-be9e-6943ed764a26","z":2},{"type":"custom.Class","attrs":{"attrsArea":{"height":64},"title":{"text":"Matricula"},"attrsText":{"text":"- data: Date\\n- status: string\\n- nota: double"}},"position":{"x":360,"y":100},"size":{"width":220,"height":136},"angle":0,"id":"6d64a2f0-65be-49b4-954a-81a103b0cfb9","z":3},{"type":"standard.Link","attrs":{"line":{"targetMarker":{"d":""}}},"source":{"id":"6d64a2f0-65be-49b4-954a-81a103b0cfb9"},"target":{"id":"3593a9c7-2050-46d9-be9e-6943ed764a26"},"id":"07c8cbb2-a133-463d-9ad0-6f2b052bc69e","z":4,"uml":{"sourceMultiplicity":"*","targetMultiplicity":"1"},"labels":[{"attrs":{"text":{"text":"*","fontSize":12,"fill":"#333"},"rect":{"fill":"transparent","stroke":"none"}},"position":{"distance":0.1,"offset":-10}},{"attrs":{"text":{"text":"1","fontSize":12,"fill":"#333"},"rect":{"fill":"transparent","stroke":"none"}},"position":{"distance":0.9,"offset":-10}}]},{"type":"standard.Link","attrs":{"line":{"targetMarker":{"d":""}}},"source":{"id":"fbf54356-c52b-4df5-83c6-b1e1ef9fa49c"},"target":{"id":"6d64a2f0-65be-49b4-954a-81a103b0cfb9"},"id":"73d94e24-abcc-42c2-8fee-863fc1122455","z":5,"uml":{"sourceMultiplicity":"1","targetMultiplicity":"*"},"labels":[{"attrs":{"text":{"text":"1","fontSize":12,"fill":"#333"},"rect":{"fill":"transparent","stroke":"none"}},"position":{"distance":0.1,"offset":-10}},{"attrs":{"text":{"text":"*","fontSize":12,"fill":"#333"},"rect":{"fill":"transparent","stroke":"none"}},"position":{"distance":0.9,"offset":-10}}]}]}	6	2	92	f
6	0	t	0	AVAILABLE	\N	7	2	0	f
8	0	f	0	AVAILABLE	\N	9	2	0	f
13	100	f	50	COMPLETED	{"cells":[{"type":"custom.Actor","attrs":{"body":{"strokeWidth":0},"label":{"text":"Sistema"}},"position":{"x":140,"y":60},"size":{"width":48,"height":86},"angle":0,"id":"d1a82a87-3de3-4865-bd8b-97389f8263f1","z":1},{"type":"custom.UseCase","attrs":{"body":{"stroke":"#000","fill":"#FFF7D0"},"label":{"fontSize":16,"fill":"#000","text":"Emprestar Livro","textWrap":{"width":200,"height":null,"ellipsis":false,"breakWord":true}}},"position":{"x":370,"y":40},"size":{"width":140.09375,"height":43},"angle":0,"id":"6f5d8eaf-8def-4570-9f72-b6551cb10e09","z":2},{"type":"custom.UseCase","attrs":{"body":{"stroke":"#000","fill":"#FFF7D0"},"label":{"fontSize":16,"fill":"#000","text":"Devolver Livro","textWrap":{"width":200,"height":null,"ellipsis":false,"breakWord":true}}},"position":{"x":370,"y":130},"size":{"width":129.25,"height":43},"angle":0,"id":"d1ab53c9-df45-4800-96b5-1f2f4caf5dac","z":3},{"type":"custom.UseCase","attrs":{"body":{"stroke":"#000","fill":"#FFF7D0"},"label":{"fontSize":16,"fill":"#000","text":"Registrar Usuário","textWrap":{"width":200,"height":null,"ellipsis":false,"breakWord":true}}},"position":{"x":369,"y":230},"size":{"width":149.203125,"height":43},"angle":0,"id":"55d0c127-476d-4012-af62-a43ff70927ff","z":4},{"type":"standard.Link","attrs":{"line":{"stroke":"#000","strokeWidth":1,"targetMarker":{"d":""}}},"source":{"id":"d1a82a87-3de3-4865-bd8b-97389f8263f1"},"target":{"id":"6f5d8eaf-8def-4570-9f72-b6551cb10e09"},"id":"9c3e1672-9225-4c89-88e4-fdf1f7b90b36","z":5},{"type":"standard.Link","attrs":{"line":{"stroke":"#000","strokeWidth":1,"targetMarker":{"d":""}}},"source":{"id":"d1a82a87-3de3-4865-bd8b-97389f8263f1"},"target":{"id":"d1ab53c9-df45-4800-96b5-1f2f4caf5dac"},"id":"080b7201-d1c1-4fc3-b068-44925dfc4eab","z":6},{"type":"custom.Actor","attrs":{"body":{"strokeWidth":0},"label":{"text":"Usuário"}},"position":{"x":680,"y":60},"size":{"width":48,"height":86},"angle":0,"id":"419063fc-4add-4a37-b5cc-808fb573423f","z":7},{"type":"standard.Link","attrs":{"line":{"stroke":"#000","strokeWidth":1,"targetMarker":{"d":""}}},"source":{"id":"419063fc-4add-4a37-b5cc-808fb573423f"},"target":{"id":"6f5d8eaf-8def-4570-9f72-b6551cb10e09"},"id":"39c844dc-3e1f-4723-9f6e-62d94a2de855","z":8},{"type":"standard.Link","attrs":{"line":{"stroke":"#000","strokeWidth":1,"targetMarker":{"d":""}}},"source":{"id":"419063fc-4add-4a37-b5cc-808fb573423f"},"target":{"id":"d1ab53c9-df45-4800-96b5-1f2f4caf5dac"},"id":"251c51da-95e4-43e4-82b7-a647db723942","z":9},{"type":"standard.Link","attrs":{"line":{"stroke":"#000","strokeWidth":1,"targetMarker":{"d":""}}},"source":{"id":"419063fc-4add-4a37-b5cc-808fb573423f"},"target":{"id":"55d0c127-476d-4012-af62-a43ff70927ff"},"id":"5cf4b148-1736-4547-ab00-0919e7a1dabe","z":10}]}	2	2	100	f
4	100	f	50	COMPLETED	{"cells":[{"type":"custom.Actor","attrs":{"label":{"text":"Cozinheiro"}},"position":{"x":91,"y":53},"size":{"width":48,"height":86},"angle":0,"id":"5fff2ae2-c4b8-46f3-872f-0884a50c09ee","z":1},{"type":"custom.Actor","attrs":{"label":{"text":"Atendente"}},"position":{"x":90,"y":200},"size":{"width":48,"height":86},"angle":0,"id":"84094103-7103-429b-ac3f-d9af1ad7c13a","z":2},{"type":"custom.Actor","attrs":{"label":{"text":"Cliente"}},"position":{"x":90,"y":330},"size":{"width":48,"height":86},"angle":0,"id":"eac2bfbb-21d6-497c-a667-a35789f6740b","z":3},{"type":"custom.UseCase","attrs":{"body":{"stroke":"#000","fill":"#FFF7D0"},"label":{"fontSize":16,"fill":"#000","text":"Preparar Pedido","textWrap":{"width":200,"height":null,"ellipsis":false,"breakWord":true}}},"position":{"x":284,"y":81},"size":{"width":142,"height":43},"angle":0,"id":"dbbdf09b-59d7-4888-853e-0b4927dbaa68","z":4},{"type":"custom.UseCase","attrs":{"body":{"stroke":"#000","fill":"#FFF7D0"},"label":{"fontSize":16,"fill":"#000","text":"Processar pedido","textWrap":{"width":200,"height":null,"ellipsis":false,"breakWord":true}}},"position":{"x":290,"y":220},"size":{"width":150.9375,"height":43},"angle":0,"id":"721e78ae-b9a2-4b54-8ddb-ac4a870a5e20","z":5},{"type":"custom.UseCase","attrs":{"body":{"stroke":"#000","fill":"#FFF7D0"},"label":{"fontSize":16,"fill":"#000","text":"Fazer Pedido","textWrap":{"width":200,"height":null,"ellipsis":false,"breakWord":true}}},"position":{"x":270,"y":330},"size":{"width":122.953125,"height":43},"angle":0,"id":"5057b997-f85c-46d7-bbab-1cbffe01e7e5","z":6},{"type":"custom.UseCase","attrs":{"body":{"stroke":"#000","fill":"#FFF7D0"},"label":{"fontSize":16,"fill":"#000","text":"Pagar Conta","textWrap":{"width":200,"height":null,"ellipsis":false,"breakWord":true}}},"position":{"x":270,"y":410},"size":{"width":120.15625,"height":43},"angle":0,"id":"07f23868-0235-4bc7-bff8-05a7d74068f6","z":7},{"type":"standard.Link","attrs":{"line":{"targetMarker":{"d":""}}},"source":{"id":"eac2bfbb-21d6-497c-a667-a35789f6740b"},"target":{"id":"5057b997-f85c-46d7-bbab-1cbffe01e7e5"},"id":"7570933d-258c-4890-918b-07e2cd9eb4ce","z":8},{"type":"standard.Link","attrs":{"line":{"targetMarker":{"d":""}}},"source":{"id":"eac2bfbb-21d6-497c-a667-a35789f6740b"},"target":{"id":"07f23868-0235-4bc7-bff8-05a7d74068f6"},"id":"ef7d10ac-2cf7-4adb-8c71-8782206cc129","z":9},{"type":"standard.Link","attrs":{"line":{"targetMarker":{"d":""}}},"source":{"id":"84094103-7103-429b-ac3f-d9af1ad7c13a"},"target":{"id":"721e78ae-b9a2-4b54-8ddb-ac4a870a5e20"},"id":"b56040d5-b84b-4895-ae87-6de876d5c19d","z":10},{"type":"standard.Link","attrs":{"line":{"targetMarker":{"d":""}}},"source":{"id":"5fff2ae2-c4b8-46f3-872f-0884a50c09ee"},"target":{"id":"dbbdf09b-59d7-4888-853e-0b4927dbaa68"},"id":"c61c4c29-9138-471b-a91f-40853b87cce7","z":11},{"type":"custom.UseCase","attrs":{"body":{"stroke":"#000","fill":"#FFF7D0"},"label":{"fontSize":16,"fill":"#000","text":"Escolher Itens","textWrap":{"width":200,"height":null,"ellipsis":false,"breakWord":true}}},"position":{"x":530,"y":300},"size":{"width":132.59375,"height":43},"angle":0,"id":"f4d61d0c-3fc6-4c0e-acc8-a62d0a4e32f7","z":12},{"type":"custom.Include","attrs":{"line":{"strokeDasharray":"2.2"}},"source":{"id":"5057b997-f85c-46d7-bbab-1cbffe01e7e5"},"target":{"id":"f4d61d0c-3fc6-4c0e-acc8-a62d0a4e32f7"},"id":"806560fb-1322-4a2c-8790-9d8bc79dd117","labels":[{"attrs":{"text":{"text":"<<include>>","fontSize":14,"fill":"#000"},"rect":{"fill":"#fff","stroke":"#000","strokeWidth":0}},"position":{"distance":0.5}}],"z":13},{"type":"custom.UseCase","attrs":{"body":{"stroke":"#000","fill":"#FFF7D0"},"label":{"fontSize":16,"fill":"#000","text":"Emitir Nota","textWrap":{"width":200,"height":null,"ellipsis":false,"breakWord":true}}},"position":{"x":520,"y":390},"size":{"width":120.15625,"height":43},"angle":0,"id":"26b67b1d-efdd-4d80-9c53-086a0f9af4b5","z":14},{"type":"custom.Include","attrs":{"line":{"strokeDasharray":"2.2"}},"source":{"id":"07f23868-0235-4bc7-bff8-05a7d74068f6"},"target":{"id":"26b67b1d-efdd-4d80-9c53-086a0f9af4b5"},"id":"9015f965-fc23-4c6d-8614-06f5f6a007a0","labels":[{"attrs":{"text":{"text":"<<include>>","fontSize":14,"fill":"#000"},"rect":{"fill":"#fff","stroke":"#000","strokeWidth":0}},"position":{"distance":0.5}}],"z":15}]}	5	2	100	f
7	71	f	25	COMPLETED	{"cells":[{"type":"custom.Actor","attrs":{"label":{"text":"Administrador"}},"position":{"x":60,"y":30},"size":{"width":48,"height":86},"angle":0,"id":"467637af-d4af-4b84-858d-e7466756643b","z":1},{"type":"custom.UseCase","attrs":{"body":{"stroke":"#000","fill":"#FFF7D0"},"label":{"fontSize":16,"fill":"#000","text":"Gerenciar Usuários","textWrap":{"width":200,"height":null,"ellipsis":false,"breakWord":true}}},"position":{"x":260,"y":40},"size":{"width":160.296875,"height":43},"angle":0,"id":"2df585a9-f0ad-498f-b613-e96caf7412b7","z":2},{"type":"custom.UseCase","attrs":{"body":{"stroke":"#000","fill":"#FFF7D0"},"label":{"fontSize":16,"fill":"#000","text":"Monitorar Atividades","textWrap":{"width":200,"height":null,"ellipsis":false,"breakWord":true}}},"position":{"x":260,"y":120},"size":{"width":172.046875,"height":43},"angle":0,"id":"d82cb6dc-7b66-46fe-a053-fd1823ee2560","z":3},{"type":"standard.Link","attrs":{"line":{"targetMarker":{"d":""}}},"source":{"id":"467637af-d4af-4b84-858d-e7466756643b"},"target":{"id":"2df585a9-f0ad-498f-b613-e96caf7412b7"},"id":"e6c2c7a0-9c67-464d-b92d-27b820dd0067","z":4},{"type":"standard.Link","attrs":{"line":{"targetMarker":{"d":""}}},"source":{"id":"467637af-d4af-4b84-858d-e7466756643b"},"target":{"id":"d82cb6dc-7b66-46fe-a053-fd1823ee2560"},"id":"12fcb16f-f372-49e9-9bfc-86cc5b5132bc","z":5},{"type":"custom.Actor","attrs":{"label":{"text":"Usuario"}},"position":{"x":50,"y":320},"size":{"width":48,"height":86},"angle":0,"id":"426bd2c6-6fcc-49cc-b215-ab999611bbc2","z":6},{"type":"custom.UseCase","attrs":{"body":{"stroke":"#000","fill":"#FFF7D0"},"label":{"fontSize":16,"fill":"#000","text":"colaborar em tempo real","textWrap":{"width":200,"height":null,"ellipsis":false,"breakWord":true}}},"position":{"x":240,"y":210},"size":{"width":194.3125,"height":43},"angle":0,"id":"3562ae58-689a-45c7-b209-48cc7000cd76","z":7},{"type":"custom.UseCase","attrs":{"body":{"stroke":"#000","fill":"#FFF7D0"},"label":{"fontSize":16,"fill":"#000","text":"editar diagrama","textWrap":{"width":200,"height":null,"ellipsis":false,"breakWord":true}}},"position":{"x":240,"y":289},"size":{"width":139.890625,"height":43},"angle":0,"id":"41a21b62-c25c-4b6d-86ce-0edbcfefe024","z":8},{"type":"custom.UseCase","attrs":{"body":{"stroke":"#000","fill":"#FFF7D0"},"label":{"fontSize":16,"fill":"#000","text":"versionar diagrama","textWrap":{"width":200,"height":null,"ellipsis":false,"breakWord":true}}},"position":{"x":247,"y":354},"size":{"width":161.796875,"height":43},"angle":0,"id":"a9e60d38-765f-44bf-9e7c-153967255035","z":9},{"type":"custom.UseCase","attrs":{"body":{"stroke":"#000","fill":"#FFF7D0"},"label":{"fontSize":16,"fill":"#000","text":"criar projeto","textWrap":{"width":200,"height":null,"ellipsis":false,"breakWord":true}}},"position":{"x":261,"y":430},"size":{"width":120.15625,"height":43},"angle":0,"id":"7f6db64f-6e8e-42a9-b6b6-e0a979274031","z":10},{"type":"custom.UseCase","attrs":{"body":{"stroke":"#000","fill":"#FFF7D0"},"label":{"fontSize":16,"fill":"#000","text":"Compartilhar Projeto","textWrap":{"width":200,"height":null,"ellipsis":false,"breakWord":true}}},"position":{"x":230,"y":500},"size":{"width":171.5,"height":43},"angle":0,"id":"bc6d6deb-4f4b-47e2-a991-6b3d754dbe08","z":11},{"type":"standard.Link","attrs":{"line":{"targetMarker":{"d":""}}},"source":{"id":"426bd2c6-6fcc-49cc-b215-ab999611bbc2"},"target":{"id":"3562ae58-689a-45c7-b209-48cc7000cd76"},"id":"57928add-0610-4b4c-ab39-44703eba14d0","z":12},{"type":"standard.Link","attrs":{"line":{"targetMarker":{"d":""}}},"source":{"id":"426bd2c6-6fcc-49cc-b215-ab999611bbc2"},"target":{"id":"41a21b62-c25c-4b6d-86ce-0edbcfefe024"},"id":"3d49b4eb-a3de-4cc8-86c9-bda96f28d771","z":13},{"type":"standard.Link","attrs":{"line":{"targetMarker":{"d":""}}},"source":{"id":"426bd2c6-6fcc-49cc-b215-ab999611bbc2"},"target":{"id":"a9e60d38-765f-44bf-9e7c-153967255035"},"id":"81e22e6d-0404-4a9b-86bb-0bc1541cd060","z":14},{"type":"standard.Link","attrs":{"line":{"targetMarker":{"d":""}}},"source":{"id":"426bd2c6-6fcc-49cc-b215-ab999611bbc2"},"target":{"id":"7f6db64f-6e8e-42a9-b6b6-e0a979274031"},"id":"fc921481-0deb-4e2f-99da-9e9db207e554","z":15},{"type":"standard.Link","attrs":{"line":{"targetMarker":{"d":""}}},"source":{"id":"426bd2c6-6fcc-49cc-b215-ab999611bbc2"},"target":{"id":"bc6d6deb-4f4b-47e2-a991-6b3d754dbe08"},"id":"8596576b-02c0-49f1-873c-6af415fa781d","z":16},{"type":"custom.Include","attrs":{"line":{"strokeDasharray":"2.2"}},"source":{"id":"3562ae58-689a-45c7-b209-48cc7000cd76"},"target":{"id":"41a21b62-c25c-4b6d-86ce-0edbcfefe024"},"id":"97888f37-c807-4caf-91f2-94e20d8d7893","labels":[{"attrs":{"text":{"text":"<<include>>","fontSize":14,"fill":"#000"},"rect":{"fill":"#fff","stroke":"#000","strokeWidth":0}},"position":{"distance":0.5}}],"z":17},{"type":"custom.Extend","attrs":{"line":{"strokeDasharray":"5,5"}},"source":{"id":"a9e60d38-765f-44bf-9e7c-153967255035"},"target":{"id":"41a21b62-c25c-4b6d-86ce-0edbcfefe024"},"id":"11500c3b-a41c-4f60-839b-5abe6ccc4223","labels":[{"attrs":{"text":{"text":"<<extend>>","fontSize":14,"fill":"#000"},"rect":{"fill":"#fff","stroke":"#000","strokeWidth":0}},"position":{"distance":0.5}}],"z":18}]}	8	2	71	f
30	0	f	0	AVAILABLE	\N	2	1	0	f
27	0	f	0	AVAILABLE	\N	7	1	0	f
28	0	f	0	AVAILABLE	\N	12	1	0	f
29	0	f	0	AVAILABLE	\N	13	1	0	f
31	0	f	0	AVAILABLE	\N	5	1	0	f
32	0	f	0	AVAILABLE	\N	8	1	0	f
33	0	f	0	AVAILABLE	\N	9	1	0	f
34	0	f	0	AVAILABLE	\N	10	1	0	f
35	0	f	0	AVAILABLE	\N	11	1	0	f
36	0	f	0	AVAILABLE	\N	14	1	0	f
37	0	f	0	AVAILABLE	\N	16	1	0	f
38	0	f	0	AVAILABLE	\N	18	1	0	f
39	0	f	0	AVAILABLE	\N	19	1	0	f
40	0	f	0	AVAILABLE	\N	20	1	0	f
41	0	f	0	AVAILABLE	\N	6	1	0	f
42	0	f	0	AVAILABLE	\N	17	1	0	f
43	0	f	0	AVAILABLE	\N	26	1	0	f
44	0	f	0	AVAILABLE	\N	22	1	0	f
45	0	f	0	AVAILABLE	\N	21	1	0	f
46	0	f	0	AVAILABLE	\N	23	1	0	f
47	0	f	0	AVAILABLE	\N	15	1	0	f
48	0	f	0	AVAILABLE	\N	24	1	0	f
\.


--
-- TOC entry 4911 (class 0 OID 16770)
-- Dependencies: 237
-- Data for Name: tips; Type: TABLE DATA; Schema: public; Owner: postgres
--

COPY public.tips (id, tip) FROM stdin;
1	Atores representam papéis, não pessoas físicas. Um mesmo usuário real pode ser vários atores no sistema.
2	O nome de um Caso de Uso é sempre um verbo no infinitivo. Ex: "Efetuar Pagamento", "Cancelar Pedido".
3	Use <<include>> para comportamento comum e obrigatório. Se uma etapa "A" sempre exige a etapa "B", use <<include>> de A para B.\n
4	Use <<extend>> para comportamento opcional que depende de uma condição. O Caso de Uso estendido pode ser executado ou não.
5	Generalização de Atores: Um ator "Cliente VIP" pode ser uma especialização do ator "Cliente", herdando seus casos de uso.
6	Generalização de Casos de Uso: "Efetuar Pagamento" pode ter especializações como "Pagar com Cartão" e "Pagar com PIX".
7	Mantenha o foco no "O Quê", não no "Como". Casos de Uso descrevem a funcionalidade, não a implementação técnica.
8	O Sistema é a fronteira. Todos os casos de uso ficam dentro de uma caixa que representa os limites do seu sistema.
9	Atores podem ser sistemas externos. Um "Gateway de Pagamento" ou "Serviço de E-mail" são atores válidos.
10	Evite sequências longas de passos no fluxo principal. Se estiver muito complexo, considere dividir em casos de uso menores.
11	Fluxos Alternativos são para "caminhos felizes" que fogem do principal. Ex: "Pagamento Aprovado" (principal) vs "Pagamento Recusado" (alternativo).
12	Pré-condição: O que deve ser verdadeiro ANTES de iniciar o caso de uso. Ex: "Usuário deve estar logado".
13	Pós-condição: O estado do sistema APÓS a conclusão bem-sucedida do caso de uso. Ex: "O pedido é marcado como 'pago'".
14	O Atores Primários iniciam a interação. Eles têm o objetivo a ser alcançado. Os Atores Secundários são acionados pelo sistema para ajudá-lo.
15	Uma Classe é composta por 3 partes: Nome, Atributos e Métodos. Sempre nessa ordem.
16	Visibilidade é crucial: + (Público), - (Privado), # (Protegido). Use para controlar o acesso.
17	Multiplicidade define o relacionamento quantitativo. Ex: 1 (exatamente um), 0..* (zero ou muitos), 1..* (um ou muitos).
18	Herança (Generalização) é para "é um". Se "Carro" é um "Veículo", faça Carro herdar de Veículo. A seta vai da subclasse para a superclasse.
19	Agregação é um "tem um" com partilha. A parte pode existir sem o todo. Ex: Um Time (todo) tem Jogadores (partes). Seta losango vazio.
20	Composição é um "tem um" forte, de posse exclusiva. A parte não existe sem o todo. Ex: Uma Casa (todo) tem Salas (partes). Seta losango cheio.
21	Associação é o relacionamento mais simples. Mostra que duas classes se conhecem e interagem. Pode ser bidirecional ou unidirecional.
22	Atributos são substantivos, Métodos são verbos. Atributo: -cor: String. Método: +acelerar(): void.
23	Interfaces são contratos. Uma classe que "realiza" uma interface (implements) deve implementar todos os seus métodos. Use o losango de realização ou a seta pontilhada.
24	Evite "Classes Deus" que fazem tudo. Divida responsabilidades em várias classes coesas. Isso é o princípio da responsabilidade única.
25	O contexto do projeto define o nível de detalhe. Em fases iniciais, mostre apenas os principais atributos e métodos. Detalhes vêm depois.
26	Você já clicou no mapa? Ele tem o formato de um diagrama de atividades.
27	Você pode adicionar um elemento clicando na caixa e depois onde deseja adicioná-lo, ou clicando nele e arrastando até onde deseja.
\.


--
-- TOC entry 4913 (class 0 OID 16776)
-- Dependencies: 239
-- Data for Name: user_gamemap; Type: TABLE DATA; Schema: public; Owner: postgres
--

COPY public.user_gamemap (user_id, gamemap_id) FROM stdin;
2	2
1	2
\.


--
-- TOC entry 4914 (class 0 OID 16779)
-- Dependencies: 240
-- Data for Name: users; Type: TABLE DATA; Schema: public; Owner: postgres
--

COPY public.users (id, coins, email, name, password, reputation, avatar_id) FROM stdin;
2	611	angelo@email.com	angelo brocca	123456	247	4
1	58	matrix	Matrix	matrix	100	4
\.


--
-- TOC entry 4922 (class 0 OID 0)
-- Dependencies: 218
-- Name: avatar_id_seq; Type: SEQUENCE SET; Schema: public; Owner: postgres
--

SELECT pg_catalog.setval('public.avatar_id_seq', 9, true);


--
-- TOC entry 4923 (class 0 OID 0)
-- Dependencies: 220
-- Name: character_id_seq; Type: SEQUENCE SET; Schema: public; Owner: postgres
--

SELECT pg_catalog.setval('public.character_id_seq', 11, true);


--
-- TOC entry 4924 (class 0 OID 0)
-- Dependencies: 222
-- Name: game_map_id_seq; Type: SEQUENCE SET; Schema: public; Owner: postgres
--

SELECT pg_catalog.setval('public.game_map_id_seq', 2, true);


--
-- TOC entry 4925 (class 0 OID 0)
-- Dependencies: 224
-- Name: inventory_id_seq; Type: SEQUENCE SET; Schema: public; Owner: postgres
--

SELECT pg_catalog.setval('public.inventory_id_seq', 2, true);


--
-- TOC entry 4926 (class 0 OID 0)
-- Dependencies: 226
-- Name: inventory_items_id_seq; Type: SEQUENCE SET; Schema: public; Owner: postgres
--

SELECT pg_catalog.setval('public.inventory_items_id_seq', 1, false);


--
-- TOC entry 4927 (class 0 OID 0)
-- Dependencies: 228
-- Name: item_id_seq; Type: SEQUENCE SET; Schema: public; Owner: postgres
--

SELECT pg_catalog.setval('public.item_id_seq', 1, false);


--
-- TOC entry 4928 (class 0 OID 0)
-- Dependencies: 232
-- Name: phase_id_seq; Type: SEQUENCE SET; Schema: public; Owner: postgres
--

SELECT pg_catalog.setval('public.phase_id_seq', 26, true);


--
-- TOC entry 4929 (class 0 OID 0)
-- Dependencies: 234
-- Name: phase_transition_id_seq; Type: SEQUENCE SET; Schema: public; Owner: postgres
--

SELECT pg_catalog.setval('public.phase_transition_id_seq', 21, true);


--
-- TOC entry 4930 (class 0 OID 0)
-- Dependencies: 236
-- Name: phase_user_id_seq; Type: SEQUENCE SET; Schema: public; Owner: postgres
--

SELECT pg_catalog.setval('public.phase_user_id_seq', 48, true);


--
-- TOC entry 4931 (class 0 OID 0)
-- Dependencies: 238
-- Name: tips_id_seq; Type: SEQUENCE SET; Schema: public; Owner: postgres
--

SELECT pg_catalog.setval('public.tips_id_seq', 27, true);


--
-- TOC entry 4932 (class 0 OID 0)
-- Dependencies: 241
-- Name: users_id_seq; Type: SEQUENCE SET; Schema: public; Owner: postgres
--

SELECT pg_catalog.setval('public.users_id_seq', 2, true);


--
-- TOC entry 4709 (class 2606 OID 16791)
-- Name: avatar avatar_pkey; Type: CONSTRAINT; Schema: public; Owner: postgres
--

ALTER TABLE ONLY public.avatar
    ADD CONSTRAINT avatar_pkey PRIMARY KEY (id);


--
-- TOC entry 4711 (class 2606 OID 16793)
-- Name: character character_pkey; Type: CONSTRAINT; Schema: public; Owner: postgres
--

ALTER TABLE ONLY public."character"
    ADD CONSTRAINT character_pkey PRIMARY KEY (id);


--
-- TOC entry 4713 (class 2606 OID 16795)
-- Name: game_map game_map_pkey; Type: CONSTRAINT; Schema: public; Owner: postgres
--

ALTER TABLE ONLY public.game_map
    ADD CONSTRAINT game_map_pkey PRIMARY KEY (id);


--
-- TOC entry 4715 (class 2606 OID 16797)
-- Name: inventory inventory_pkey; Type: CONSTRAINT; Schema: public; Owner: postgres
--

ALTER TABLE ONLY public.inventory
    ADD CONSTRAINT inventory_pkey PRIMARY KEY (id);


--
-- TOC entry 4719 (class 2606 OID 16799)
-- Name: item item_pkey; Type: CONSTRAINT; Schema: public; Owner: postgres
--

ALTER TABLE ONLY public.item
    ADD CONSTRAINT item_pkey PRIMARY KEY (id);


--
-- TOC entry 4723 (class 2606 OID 16801)
-- Name: phase_character_dialogues phase_character_dialogues_pkey; Type: CONSTRAINT; Schema: public; Owner: postgres
--

ALTER TABLE ONLY public.phase_character_dialogues
    ADD CONSTRAINT phase_character_dialogues_pkey PRIMARY KEY (phase_id, dialogue_order);


--
-- TOC entry 4721 (class 2606 OID 16803)
-- Name: phase phase_pkey; Type: CONSTRAINT; Schema: public; Owner: postgres
--

ALTER TABLE ONLY public.phase
    ADD CONSTRAINT phase_pkey PRIMARY KEY (id);


--
-- TOC entry 4725 (class 2606 OID 16805)
-- Name: phase_transition phase_transition_pkey; Type: CONSTRAINT; Schema: public; Owner: postgres
--

ALTER TABLE ONLY public.phase_transition
    ADD CONSTRAINT phase_transition_pkey PRIMARY KEY (id);


--
-- TOC entry 4727 (class 2606 OID 16807)
-- Name: phase_user phase_user_pkey; Type: CONSTRAINT; Schema: public; Owner: postgres
--

ALTER TABLE ONLY public.phase_user
    ADD CONSTRAINT phase_user_pkey PRIMARY KEY (id);


--
-- TOC entry 4729 (class 2606 OID 16809)
-- Name: tips tips_pkey; Type: CONSTRAINT; Schema: public; Owner: postgres
--

ALTER TABLE ONLY public.tips
    ADD CONSTRAINT tips_pkey PRIMARY KEY (id);


--
-- TOC entry 4717 (class 2606 OID 16811)
-- Name: inventory uk43dh3wdy1e0143mwjp12ijxq6; Type: CONSTRAINT; Schema: public; Owner: postgres
--

ALTER TABLE ONLY public.inventory
    ADD CONSTRAINT uk43dh3wdy1e0143mwjp12ijxq6 UNIQUE (user_id);


--
-- TOC entry 4731 (class 2606 OID 16813)
-- Name: users users_pkey; Type: CONSTRAINT; Schema: public; Owner: postgres
--

ALTER TABLE ONLY public.users
    ADD CONSTRAINT users_pkey PRIMARY KEY (id);


--
-- TOC entry 4738 (class 2606 OID 16814)
-- Name: phase_correct_diagrams fk1mjuwfumybn5bw12bnyk7np3c; Type: FK CONSTRAINT; Schema: public; Owner: postgres
--

ALTER TABLE ONLY public.phase_correct_diagrams
    ADD CONSTRAINT fk1mjuwfumybn5bw12bnyk7np3c FOREIGN KEY (phase_id) REFERENCES public.phase(id);


--
-- TOC entry 4741 (class 2606 OID 16819)
-- Name: phase_user fk1r4p7or31cd0cil07bbopqlxc; Type: FK CONSTRAINT; Schema: public; Owner: postgres
--

ALTER TABLE ONLY public.phase_user
    ADD CONSTRAINT fk1r4p7or31cd0cil07bbopqlxc FOREIGN KEY (phase_id) REFERENCES public.phase(id);


--
-- TOC entry 4739 (class 2606 OID 16824)
-- Name: phase_transition fk2qep97ve8rh3m6ks02mo90g7n; Type: FK CONSTRAINT; Schema: public; Owner: postgres
--

ALTER TABLE ONLY public.phase_transition
    ADD CONSTRAINT fk2qep97ve8rh3m6ks02mo90g7n FOREIGN KEY (from_phase_id) REFERENCES public.phase(id);


--
-- TOC entry 4734 (class 2606 OID 16829)
-- Name: inventory_items fk5uqjfer6outi5qdotlwrmhq4r; Type: FK CONSTRAINT; Schema: public; Owner: postgres
--

ALTER TABLE ONLY public.inventory_items
    ADD CONSTRAINT fk5uqjfer6outi5qdotlwrmhq4r FOREIGN KEY (inventory_id) REFERENCES public.inventory(id);


--
-- TOC entry 4745 (class 2606 OID 16834)
-- Name: users fk5yr86wseqtg71i7w0un54mr9; Type: FK CONSTRAINT; Schema: public; Owner: postgres
--

ALTER TABLE ONLY public.users
    ADD CONSTRAINT fk5yr86wseqtg71i7w0un54mr9 FOREIGN KEY (avatar_id) REFERENCES public.avatar(id);


--
-- TOC entry 4733 (class 2606 OID 16839)
-- Name: inventory fk6s70ikopm646wy54vwowsnp6d; Type: FK CONSTRAINT; Schema: public; Owner: postgres
--

ALTER TABLE ONLY public.inventory
    ADD CONSTRAINT fk6s70ikopm646wy54vwowsnp6d FOREIGN KEY (user_id) REFERENCES public.users(id);


--
-- TOC entry 4743 (class 2606 OID 16844)
-- Name: user_gamemap fk891qth2ldo3s878i6254bbou3; Type: FK CONSTRAINT; Schema: public; Owner: postgres
--

ALTER TABLE ONLY public.user_gamemap
    ADD CONSTRAINT fk891qth2ldo3s878i6254bbou3 FOREIGN KEY (user_id) REFERENCES public.users(id);


--
-- TOC entry 4735 (class 2606 OID 16849)
-- Name: phase fk8k6qya7wpajji2emh1qle1kp5; Type: FK CONSTRAINT; Schema: public; Owner: postgres
--

ALTER TABLE ONLY public.phase
    ADD CONSTRAINT fk8k6qya7wpajji2emh1qle1kp5 FOREIGN KEY (gamemap_id) REFERENCES public.game_map(id);


--
-- TOC entry 4737 (class 2606 OID 16854)
-- Name: phase_character_dialogues fkal1vtnbrjibyt6mo21471oy33; Type: FK CONSTRAINT; Schema: public; Owner: postgres
--

ALTER TABLE ONLY public.phase_character_dialogues
    ADD CONSTRAINT fkal1vtnbrjibyt6mo21471oy33 FOREIGN KEY (phase_id) REFERENCES public.phase(id);


--
-- TOC entry 4744 (class 2606 OID 16864)
-- Name: user_gamemap fklkj6rxgpxb06t65eb9qyowk6a; Type: FK CONSTRAINT; Schema: public; Owner: postgres
--

ALTER TABLE ONLY public.user_gamemap
    ADD CONSTRAINT fklkj6rxgpxb06t65eb9qyowk6a FOREIGN KEY (gamemap_id) REFERENCES public.game_map(id);


--
-- TOC entry 4740 (class 2606 OID 16869)
-- Name: phase_transition fkmt6dvpdvh96emnnxkr1oh29o0; Type: FK CONSTRAINT; Schema: public; Owner: postgres
--

ALTER TABLE ONLY public.phase_transition
    ADD CONSTRAINT fkmt6dvpdvh96emnnxkr1oh29o0 FOREIGN KEY (to_phase_id) REFERENCES public.phase(id);


--
-- TOC entry 4742 (class 2606 OID 16874)
-- Name: phase_user fko7wxqrgjxn677d31hg2md8e3a; Type: FK CONSTRAINT; Schema: public; Owner: postgres
--

ALTER TABLE ONLY public.phase_user
    ADD CONSTRAINT fko7wxqrgjxn677d31hg2md8e3a FOREIGN KEY (user_id) REFERENCES public.users(id);


--
-- TOC entry 4736 (class 2606 OID 16879)
-- Name: phase fksdnimhij8maye0cgh4hwtd6tg; Type: FK CONSTRAINT; Schema: public; Owner: postgres
--

ALTER TABLE ONLY public.phase
    ADD CONSTRAINT fksdnimhij8maye0cgh4hwtd6tg FOREIGN KEY (character_id) REFERENCES public."character"(id);


--
-- TOC entry 4732 (class 2606 OID 16884)
-- Name: game_map fkseo5d0w5ennd5gq4b904swhci; Type: FK CONSTRAINT; Schema: public; Owner: postgres
--

ALTER TABLE ONLY public.game_map
    ADD CONSTRAINT fkseo5d0w5ennd5gq4b904swhci FOREIGN KEY (created_by_user_id) REFERENCES public.users(id);


-- Completed on 2025-11-09 00:02:57

--
-- PostgreSQL database dump complete
--

\unrestrict WfgoLeuVhZkDp66YdOLDzoqxtLtubvFRkDyGG5Z3VW7eaqb2PJDYr9kbS2krI1l

